id,title,categories,commune,listing_url,pdf_url,pdf_file,txt_file,page_count,char_count,word_count
1,Les seniors de la Commune et les enfants inscrits au restaurant scolaire.,,,https://www.villesamiesdesaines-rf.fr/nos-fiches/,https://www.villesamiesdesaines-rf.fr/wp-content/uploads/2026/04/PE-Les-seniors-de-la-Commune-et-les-enfants-inscrits-au-restaurant-scolaire.pdf,Les_seniors_de_la_Commune_et_les_enfants_inscrits_au_restaurant_scolaire.pdf,Les_seniors_de_la_Commune_et_les_enfants_inscrits_au_restaurant_scolaire.txt,2,4678,783
2,Mobilisation de l’expertise d’usage des seniors sur Nantes Métropole,,,https://www.villesamiesdesaines-rf.fr/nos-fiches/,https://www.villesamiesdesaines-rf.fr/wp-content/uploads/2026/04/PE-Mobilisation-de-lexpertise-dusage-des-seniors-sur-Nantes-Metropole-1.pdf,Mobilisation_de_lexpertise_dusage_des_seniors_sur_Nantes_Metropole.pdf,Mobilisation_de_lexpertise_dusage_des_seniors_sur_Nantes_Metropole.txt,2,4509,678
3,Le Conseil des Aînés,,,https://www.villesamiesdesaines-rf.fr/nos-fiches/,https://www.villesamiesdesaines-rf.fr/wp-content/uploads/2026/04/PE-Le-Conseil-des-Aines-1.pdf,Le_Conseil_des_Aines.pdf,Le_Conseil_des_Aines.txt,2,4045,662
4,MAISON DES SAGES,,,https://www.villesamiesdesaines-rf.fr/nos-fiches/,https://www.villesamiesdesaines-rf.fr/wp-content/uploads/2026/04/PE-MAISON-DES-SAGES-1.pdf,MAISON_DES_SAGES.pdf,MAISON_DES_SAGES.txt,2,4223,660
5,LE TRIPORTEUR DES SAGES,,,https://www.villesamiesdesaines-rf.fr/nos-fiches/,https://www.villesamiesdesaines-rf.fr/wp-content/uploads/2026/04/PE-LE-TRIPORTEUR-DES-SAGES-1.pdf,LE_TRIPORTEUR_DES_SAGES.pdf,LE_TRIPORTEUR_DES_SAGES.txt,2,4304,657
6,CONCOURS LOGO DES SAGES,,,https://www.villesamiesdesaines-rf.fr/nos-fiches/,https://www.villesamiesdesaines-rf.fr/wp-content/uploads/2026/04/PE-CONCOURS-LOGO-DES-SAGES-1.pdf,CONCOURS_LOGO_DES_SAGES.pdf,CONCOURS_LOGO_DES_SAGES.txt,2,3831,604
7,MEMOIRE DES SAGES,,,https://www.villesamiesdesaines-rf.fr/nos-fiches/,https://www.villesamiesdesaines-rf.fr/wp-content/uploads/2026/04/PE-MEMOIRE-DES-SAGES-1.pdf,MEMOIRE_DES_SAGES.pdf,MEMOIRE_DES_SAGES.txt,2,4551,728
8,Aménagement du parcours de santé adapté « physio-parc » en accès libre à l’étang des Forges de Belfort,,,https://www.villesamiesdesaines-rf.fr/nos-fiches/,https://www.villesamiesdesaines-rf.fr/wp-content/uploads/2026/02/PE-Amenagement-du-parcours-de-sante-adapte-physio-parc-en-acces-libre-a-letang-des-Forges-de-Belfort-90000-1.pdf,Amenagement_du_parcours_de_sante_adapte_physio-parc_en_acces_libre_a_letang_des_Forges_de_Belfort.pdf,Amenagement_du_parcours_de_sante_adapte_physio-parc_en_acces_libre_a_letang_des_Forges_de_Belfort.txt,2,4698,728
9,"Fleuribus, le minibus intra urbain",,,https://www.villesamiesdesaines-rf.fr/nos-fiches/,https://www.villesamiesdesaines-rf.fr/wp-content/uploads/2026/02/PE-Fleuribus-le-minibus-intra-urbain-1.pdf,Fleuribus_le_minibus_intra_urbain.pdf,Fleuribus_le_minibus_intra_urbain.txt,2,3348,555
10,Fête de noël,,,https://www.villesamiesdesaines-rf.fr/nos-fiches/,https://www.villesamiesdesaines-rf.fr/wp-content/uploads/2026/02/PE-Fete-de-noel-2.pdf,Fete_de_noel.pdf,Fete_de_noel.txt,2,4533,712
11,La navette sociale,,,https://www.villesamiesdesaines-rf.fr/nos-fiches/,https://www.villesamiesdesaines-rf.fr/wp-content/uploads/2026/02/PE-La-navette-sociale-1.pdf,La_navette_sociale.pdf,La_navette_sociale.txt,2,3306,534
12,SEMAINE BLEUE,,,https://www.villesamiesdesaines-rf.fr/nos-fiches/,https://www.villesamiesdesaines-rf.fr/wp-content/uploads/2026/02/PE-SEMAINE-BLEUE-1.pdf,SEMAINE_BLEUE.pdf,SEMAINE_BLEUE.txt,2,4502,682
13,ATELIER CUSTOMISATION,,,https://www.villesamiesdesaines-rf.fr/nos-fiches/?loop-02g8g8zdkg=2,https://www.villesamiesdesaines-rf.fr/wp-content/uploads/2026/02/PE-ATELIER-CUSTOMISATION-2.pdf,ATELIER_CUSTOMISATION.pdf,ATELIER_CUSTOMISATION.txt,2,3851,600
14,Elus du CME et anciens échangent pour préparer ensemble la cérémonie du 8 mai,,,https://www.villesamiesdesaines-rf.fr/nos-fiches/?loop-02g8g8zdkg=2,https://www.villesamiesdesaines-rf.fr/wp-content/uploads/2026/02/PE-Elus-du-CME-et-anciens-echangent-pour-preparer-ensemble-la-ceremonie-du-8-mai.pdf,Elus_du_CME_et_anciens_echangent_pour_preparer_ensemble_la_ceremonie_du_8_mai.pdf,Elus_du_CME_et_anciens_echangent_pour_preparer_ensemble_la_ceremonie_du_8_mai.txt,2,2426,408
15,Mise en place d’une résidence senior,,,https://www.villesamiesdesaines-rf.fr/nos-fiches/?loop-02g8g8zdkg=2,https://www.villesamiesdesaines-rf.fr/wp-content/uploads/2026/02/PE-Mise-en-place-dune-residence-senior.pdf,Mise_en_place_dune_residence_senior.pdf,Mise_en_place_dune_residence_senior.txt,2,3332,529
16,Service civique solidarité seniors,,,https://www.villesamiesdesaines-rf.fr/nos-fiches/?loop-02g8g8zdkg=2,https://www.villesamiesdesaines-rf.fr/wp-content/uploads/2026/02/PE-Service-civique-solidarite-seniors.pdf,Service_civique_solidarite_seniors.pdf,Service_civique_solidarite_seniors.txt,2,3694,602
17,Des promenades en triporteur pour des personnes âgées isolées vivant à leur domicile,,,https://www.villesamiesdesaines-rf.fr/nos-fiches/?loop-02g8g8zdkg=2,https://www.villesamiesdesaines-rf.fr/wp-content/uploads/2026/02/PE-Des-promenades-en-triporteur-pour-des-personnes-agees-isolees-vivant-a-leur-domicile.pdf,Des_promenades_en_triporteur_pour_des_personnes_agees_isolees_vivant_a_leur_domicile.pdf,Des_promenades_en_triporteur_pour_des_personnes_agees_isolees_vivant_a_leur_domicile.txt,2,4296,713
18,Mise en place des guichets intégrés MAIA,,,https://www.villesamiesdesaines-rf.fr/nos-fiches/?loop-02g8g8zdkg=2,https://www.villesamiesdesaines-rf.fr/wp-content/uploads/2025/06/261-261-guichets-integres-maia-le-havre.pdf,Mise_en_place_des_guichets_integres_MAIA.pdf,Mise_en_place_des_guichets_integres_MAIA.txt,2,5687,861
19,Mailing d’informations pour les sEniors,,,https://www.villesamiesdesaines-rf.fr/nos-fiches/?loop-02g8g8zdkg=2,https://www.villesamiesdesaines-rf.fr/wp-content/uploads/2026/02/PE-Remise-a-niveau-code-de-la-route-et-conduite-2.pdf,Mailing_dinformations_pour_les_sEniors.pdf,Mailing_dinformations_pour_les_sEniors.txt,2,4156,678
20,BPréparer sa retraite : un accompagnement personnalisé pour les agents proches de la retraite du Vauclin,,,https://www.villesamiesdesaines-rf.fr/nos-fiches/?loop-02g8g8zdkg=2,https://www.villesamiesdesaines-rf.fr/wp-content/uploads/2026/02/PE-Bien-preparer-sa-retraite-un-accompagnement-personnalise-pour-les-agents-proches-de-la-retraite-du-Vauclin.pdf,BPreparer_sa_retraite_un_accompagnement_personnalise_pour_les_agents_proches_de_la_retraite_du_Vauclin.pdf,BPreparer_sa_retraite_un_accompagnement_personnalise_pour_les_agents_proches_de_la_retraite_du_Vauclin.txt,2,4527,692
21,De la culture pour favoriser le bien être ! Yvelines Musees Solidaires,,,https://www.villesamiesdesaines-rf.fr/nos-fiches/?loop-02g8g8zdkg=2,https://www.villesamiesdesaines-rf.fr/wp-content/uploads/2026/02/PE-De-la-culture-pour-favoriser-le-bien-etre-Yvelines-Musees-Solidaires.pdf,De_la_culture_pour_favoriser_le_bien_etre_Yvelines_Musees_Solidaires.pdf,De_la_culture_pour_favoriser_le_bien_etre_Yvelines_Musees_Solidaires.txt,2,4436,684
22,Le Service Sanitaire des Étudiants en Santé,,,https://www.villesamiesdesaines-rf.fr/nos-fiches/?loop-02g8g8zdkg=2,https://www.villesamiesdesaines-rf.fr/wp-content/uploads/2026/02/PE-Le-Service-Sanitaire-des-Etudiants-en-Sante.pdf,Le_Service_Sanitaire_des_Etudiants_en_Sante.pdf,Le_Service_Sanitaire_des_Etudiants_en_Sante.txt,2,5401,830
23,PROGRAMME DES ANIMATIONS SENIORS,,,https://www.villesamiesdesaines-rf.fr/nos-fiches/?loop-02g8g8zdkg=2,https://www.villesamiesdesaines-rf.fr/wp-content/uploads/2026/02/PE-PROGRAMME-DES-ANIMATIONS-SENIORS.pdf,PROGRAMME_DES_ANIMATIONS_SENIORS.pdf,PROGRAMME_DES_ANIMATIONS_SENIORS.txt,2,4147,632
24,Les JOBS d’été,,,https://www.villesamiesdesaines-rf.fr/nos-fiches/?loop-02g8g8zdkg=3,https://www.villesamiesdesaines-rf.fr/wp-content/uploads/2026/02/PE-Les-JOBS-dete.pdf,Les_JOBS_dete.pdf,Les_JOBS_dete.txt,2,3427,596
25,Repas partagé,,,https://www.villesamiesdesaines-rf.fr/nos-fiches/?loop-02g8g8zdkg=3,https://www.villesamiesdesaines-rf.fr/wp-content/uploads/2026/02/PE-repas-partage.pdf,Repas_partage.pdf,Repas_partage.txt,2,3357,565
26,"""Au fil des âges"" - réalisation d'un défilé de mode intergénérationnel autour des années 60",,,https://www.villesamiesdesaines-rf.fr/nos-fiches/?loop-02g8g8zdkg=3,https://www.villesamiesdesaines-rf.fr/wp-content/uploads/2026/02/PE-Au-fil-des-ages-realisation-dun-defile-de-mode-intergenerationnel-autour-des-annees-60.pdf,Au_fil_des_ages_-_realisation_dun_defile_de_mode_intergenerationnel_autour_des_annees_60.pdf,Au_fil_des_ages_-_realisation_dun_defile_de_mode_intergenerationnel_autour_des_annees_60.txt,2,4396,711
27,Le portail seniors : des services et informations locales pour nos seniors à portée de clic,,,https://www.villesamiesdesaines-rf.fr/nos-fiches/?loop-02g8g8zdkg=3,https://www.villesamiesdesaines-rf.fr/wp-content/uploads/2026/02/PE-Le-portail-seniors-des-services-et-informations-locales-pour-nos-seniors-a-portee-de-clic.pdf,Le_portail_seniors_des_services_et_informations_locales_pour_nos_seniors_a_portee_de_clic.pdf,Le_portail_seniors_des_services_et_informations_locales_pour_nos_seniors_a_portee_de_clic.txt,2,4339,677
28,Café-jeux,,,https://www.villesamiesdesaines-rf.fr/nos-fiches/?loop-02g8g8zdkg=3,https://www.villesamiesdesaines-rf.fr/wp-content/uploads/2026/02/PE-Cafe-jeux.pdf,Cafe-jeux.pdf,Cafe-jeux.txt,2,4580,714
29,Danser et chanter pour rompre l’isolement,,,https://www.villesamiesdesaines-rf.fr/nos-fiches/?loop-02g8g8zdkg=3,https://www.villesamiesdesaines-rf.fr/wp-content/uploads/2026/02/PE-Danser-et-chanter-pour-rompre-lisolement.pdf,Danser_et_chanter_pour_rompre_lisolement.pdf,Danser_et_chanter_pour_rompre_lisolement.txt,2,3412,538
30,Appartement meublé d'hébergement temporaire,,,https://www.villesamiesdesaines-rf.fr/nos-fiches/?loop-02g8g8zdkg=3,https://www.villesamiesdesaines-rf.fr/wp-content/uploads/2026/02/PE-Appartement-meuble-dhebergement-temporaire.pdf,Appartement_meuble_dhebergement_temporaire.pdf,Appartement_meuble_dhebergement_temporaire.txt,2,3327,510
31,Transport mobilité seniors,,,https://www.villesamiesdesaines-rf.fr/nos-fiches/?loop-02g8g8zdkg=3,https://www.villesamiesdesaines-rf.fr/wp-content/uploads/2026/02/PE-Transport-mobilite-seniors.pdf,Transport_mobilite_seniors.pdf,Transport_mobilite_seniors.txt,2,3431,549
32,Lettre infos seniors,,,https://www.villesamiesdesaines-rf.fr/nos-fiches/?loop-02g8g8zdkg=3,https://www.villesamiesdesaines-rf.fr/wp-content/uploads/2026/02/PE-Lettre-infos-seniors.pdf,Lettre_infos_seniors.pdf,Lettre_infos_seniors.txt,2,2786,446
33,Maison Dahlia,,,https://www.villesamiesdesaines-rf.fr/nos-fiches/?loop-02g8g8zdkg=3,https://www.villesamiesdesaines-rf.fr/wp-content/uploads/2026/02/PE-Maison-Dahlia.pdf,Maison_Dahlia.pdf,Maison_Dahlia.txt,2,5566,897
34,Maison des aidants,,,https://www.villesamiesdesaines-rf.fr/nos-fiches/?loop-02g8g8zdkg=3,https://www.villesamiesdesaines-rf.fr/wp-content/uploads/2026/02/PE-Maison-des-aidants.pdf,Maison_des_aidants.pdf,Maison_des_aidants.txt,2,4279,699
35,Libérez la mémoire,,,https://www.villesamiesdesaines-rf.fr/nos-fiches/?loop-02g8g8zdkg=3,https://www.villesamiesdesaines-rf.fr/wp-content/uploads/2026/02/PE-Liberez-la-memoire.pdf,Liberez_la_memoire.pdf,Liberez_la_memoire.txt,2,4631,738
36,Mission bénévolat seniors,,,https://www.villesamiesdesaines-rf.fr/nos-fiches/?loop-02g8g8zdkg=4,https://www.villesamiesdesaines-rf.fr/wp-content/uploads/2026/02/PE-Mission-benevolat-seniors-2.pdf,Mission_benevolat_seniors.pdf,Mission_benevolat_seniors.txt,2,3899,604
37,Le Conseil des Seniors en action : créons le guide des séniors,,,https://www.villesamiesdesaines-rf.fr/nos-fiches/?loop-02g8g8zdkg=4,https://www.villesamiesdesaines-rf.fr/wp-content/uploads/2026/02/PE-Le-Conseil-des-Seniors-en-action-creons-le-guide-des-seniors-1.pdf,Le_Conseil_des_Seniors_en_action_creons_le_guide_des_seniors.pdf,Le_Conseil_des_Seniors_en_action_creons_le_guide_des_seniors.txt,2,2834,460
38,"Accueil desAîné(e)s, on en parle ?",,,https://www.villesamiesdesaines-rf.fr/nos-fiches/?loop-02g8g8zdkg=4,https://www.villesamiesdesaines-rf.fr/wp-content/uploads/2026/02/PE-Accueil-des-Ainees-on-en-parle.pdf,Accueil_desAinees_on_en_parle.pdf,Accueil_desAinees_on_en_parle.txt,2,3795,585
39,,,,https://www.villesamiesdesaines-rf.fr/nos-fiches/?loop-02g8g8zdkg=4,https://www.villesamiesdesaines-rf.fr/wp-content/uploads/2026/02/PE-2025-La-Logitude.pdf,PE-2025-La-Logitudepdf,fiche.txt,2,4054,652
40,LOTO INTERGENERATIONNEL /SENIORS ET CONSEIL MUNICIPAL DES ENFANTS,,,https://www.villesamiesdesaines-rf.fr/nos-fiches/?loop-02g8g8zdkg=4,https://www.villesamiesdesaines-rf.fr/wp-content/uploads/2025/12/PE-LOTO-INTERGENERATIONNEL-SENIORS-ET-CONSEIL-MUNICIPAL-DES-ENFANTS-1.pdf,LOTO_INTERGENERATIONNEL_SENIORS_ET_CONSEIL_MUNICIPAL_DES_ENFANTS.pdf,LOTO_INTERGENERATIONNEL_SENIORS_ET_CONSEIL_MUNICIPAL_DES_ENFANTS.txt,2,1552,253
41,J’ai un animal chez moi,,,https://www.villesamiesdesaines-rf.fr/nos-fiches/?loop-02g8g8zdkg=4,https://www.villesamiesdesaines-rf.fr/wp-content/uploads/2025/12/PE-Jai-un-animal-chez-moi-.pdf,Jai_un_animal_chez_moi.pdf,Jai_un_animal_chez_moi.txt,2,4453,722
42,ACTION CULTURELLE INTERGENERATIONNELLE,,,https://www.villesamiesdesaines-rf.fr/nos-fiches/?loop-02g8g8zdkg=4,https://www.villesamiesdesaines-rf.fr/wp-content/uploads/2025/12/PE-ACTION-CULTURELLE-INTERGENERATIONNELLE.pdf,ACTION_CULTURELLE_INTERGENERATIONNELLE.pdf,ACTION_CULTURELLE_INTERGENERATIONNELLE.txt,2,3921,600
43,Jeu de piste,,,https://www.villesamiesdesaines-rf.fr/nos-fiches/?loop-02g8g8zdkg=4,https://www.villesamiesdesaines-rf.fr/wp-content/uploads/2025/12/PE-Jeu-de-piste-1.pdf,Jeu_de_piste.pdf,Jeu_de_piste.txt,2,2174,366
44,Action intergénérationnelle - Concours création d'œuvre floral,,,https://www.villesamiesdesaines-rf.fr/nos-fiches/?loop-02g8g8zdkg=4,https://www.villesamiesdesaines-rf.fr/wp-content/uploads/2025/12/PE-Action-intergenerationnelle-Concours-creation-doeuvre-floral-1.pdf,Action_intergenerationnelle_-_Concours_creation_duvre_floral.pdf,Action_intergenerationnelle_-_Concours_creation_duvre_floral.txt,2,4157,656
45,Bibliothèque à domicile,,,https://www.villesamiesdesaines-rf.fr/nos-fiches/?loop-02g8g8zdkg=4,https://www.villesamiesdesaines-rf.fr/wp-content/uploads/2025/12/PE-Bibliotheque-a-domicile-1.pdf,Bibliotheque_a_domicile.pdf,Bibliotheque_a_domicile.txt,2,3465,574
46,Gouvernance ouverte (go) du plan d’action nantes ville amie des ainés,,,https://www.villesamiesdesaines-rf.fr/nos-fiches/?loop-02g8g8zdkg=4,https://www.villesamiesdesaines-rf.fr/wp-content/uploads/2025/12/PE-Gouvernance-Ouverte-GO-du-plan-daction-Nantes-Ville-Amie-des-Aines.pdf,Gouvernance_ouverte_go_du_plan_daction_nantes_ville_amie_des_aines.pdf,Gouvernance_ouverte_go_du_plan_daction_nantes_ville_amie_des_aines.txt,2,3398,542
47,Passe-passe d’arts,,,https://www.villesamiesdesaines-rf.fr/nos-fiches/?loop-02g8g8zdkg=4,https://www.villesamiesdesaines-rf.fr/wp-content/uploads/2025/12/PE-Passe-Passe-dArts.pdf,Passe-passe_darts.pdf,Passe-passe_darts.txt,2,4010,628
48,Maison Hapi,,,https://www.villesamiesdesaines-rf.fr/nos-fiches/?loop-02g8g8zdkg=5,https://www.villesamiesdesaines-rf.fr/wp-content/uploads/2025/12/PE-Maison-Hapi.pdf,Maison_Hapi.pdf,Maison_Hapi.txt,2,3983,625
49,Conciergerie,,,https://www.villesamiesdesaines-rf.fr/nos-fiches/?loop-02g8g8zdkg=5,https://www.villesamiesdesaines-rf.fr/wp-content/uploads/2025/12/PE-Conciergerie.pdf,Conciergerie.pdf,Conciergerie.txt,2,4272,703
50,Visiteurs à domicile,,,https://www.villesamiesdesaines-rf.fr/nos-fiches/?loop-02g8g8zdkg=5,https://www.villesamiesdesaines-rf.fr/wp-content/uploads/2025/12/PE-Visiteurs-a-domicile.pdf,Visiteurs_a_domicile.pdf,Visiteurs_a_domicile.txt,2,3711,608
51,Du transport social vers un transport solidaire,,,https://www.villesamiesdesaines-rf.fr/nos-fiches/?loop-02g8g8zdkg=5,https://www.villesamiesdesaines-rf.fr/wp-content/uploads/2025/12/PE-Du-transport-social-vers-un-transport-solidaire.pdf,Du_transport_social_vers_un_transport_solidaire.pdf,Du_transport_social_vers_un_transport_solidaire.txt,2,4274,684
52,Radio Millésime,,,https://www.villesamiesdesaines-rf.fr/nos-fiches/?loop-02g8g8zdkg=5,https://www.villesamiesdesaines-rf.fr/wp-content/uploads/2025/12/PE-Radio-Millesime.pdf,Radio_Millesime.pdf,Radio_Millesime.txt,2,4604,739
53,Visite d'anniversaire à domicile,,,https://www.villesamiesdesaines-rf.fr/nos-fiches/?loop-02g8g8zdkg=5,https://www.villesamiesdesaines-rf.fr/wp-content/uploads/2025/12/PE-Visite-danniversaire-a-domicile.pdf,Visite_danniversaire_a_domicile.pdf,Visite_danniversaire_a_domicile.txt,2,2376,408
54,Danser et chanter pour rompre l’isolement,,,https://www.villesamiesdesaines-rf.fr/nos-fiches/?loop-02g8g8zdkg=5,https://www.villesamiesdesaines-rf.fr/wp-content/uploads/2025/10/PE-Danser-et-chanter-pour-rompre-lisolement.pdf,Danser_et_chanter_pour_rompre_lisolement.pdf,Danser_et_chanter_pour_rompre_lisolement.txt,2,3412,538
55,Aquagym,,,https://www.villesamiesdesaines-rf.fr/nos-fiches/?loop-02g8g8zdkg=5,https://www.villesamiesdesaines-rf.fr/wp-content/uploads/2025/10/PE-Aquagym-2.pdf,Aquagym.pdf,Aquagym.txt,2,3227,527
56,LA VIE A LA FERME D'HIER A AUJOURD'HUI,,,https://www.villesamiesdesaines-rf.fr/nos-fiches/?loop-02g8g8zdkg=5,https://www.villesamiesdesaines-rf.fr/wp-content/uploads/2025/10/PE-LA-VIE-A-LA-FERME-DHIER-A-AUJOURDHUI.pdf,LA_VIE_A_LA_FERME_DHIER_A_AUJOURDHUI.pdf,LA_VIE_A_LA_FERME_DHIER_A_AUJOURDHUI.txt,2,4004,652
57,Installation de mobilier urbain adapté en zone urbaine,,,https://www.villesamiesdesaines-rf.fr/nos-fiches/?loop-02g8g8zdkg=5,https://www.villesamiesdesaines-rf.fr/wp-content/uploads/2025/10/PE-Installation-de-mobilier-urbain-adapte-en-zone-urbaine.pdf,Installation_de_mobilier_urbain_adapte_en_zone_urbaine.pdf,Installation_de_mobilier_urbain_adapte_en_zone_urbaine.txt,2,4472,709
58,Aquagym,,,https://www.villesamiesdesaines-rf.fr/nos-fiches/?loop-02g8g8zdkg=5,https://www.villesamiesdesaines-rf.fr/wp-content/uploads/2025/10/PE-Aquagym-1.pdf,Aquagym.pdf,Aquagym.txt,2,3227,527
59,Conférence-débat Transmission des biens,,,https://www.villesamiesdesaines-rf.fr/nos-fiches/?loop-02g8g8zdkg=5,https://www.villesamiesdesaines-rf.fr/wp-content/uploads/2025/10/PE-Conference-debat-Transmission-des-biens-1.pdf,Conference-debat_Transmission_des_biens.pdf,Conference-debat_Transmission_des_biens.txt,2,3025,479
60,Atelier Téléphonie mobile,,,https://www.villesamiesdesaines-rf.fr/nos-fiches/?loop-02g8g8zdkg=6,https://www.villesamiesdesaines-rf.fr/wp-content/uploads/2025/10/PE-Atelier-Telephonie-mobile-1.pdf,Atelier_Telephonie_mobile.pdf,Atelier_Telephonie_mobile.txt,2,3493,529
61,Atelier floral,,,https://www.villesamiesdesaines-rf.fr/nos-fiches/?loop-02g8g8zdkg=6,https://www.villesamiesdesaines-rf.fr/wp-content/uploads/2025/10/PE-Atelier-floral-1.pdf,Atelier_floral.pdf,Atelier_floral.txt,2,3290,542
62,Regards croisés,,,https://www.villesamiesdesaines-rf.fr/nos-fiches/?loop-02g8g8zdkg=6,https://www.villesamiesdesaines-rf.fr/wp-content/uploads/2025/09/PE-Regards-croises.pdf,Regards_croises.pdf,Regards_croises.txt,2,4537,705
63,Rencontres intergénérationnelles inter-ehpads et résidences autonomies,,,https://www.villesamiesdesaines-rf.fr/nos-fiches/?loop-02g8g8zdkg=6,https://www.villesamiesdesaines-rf.fr/wp-content/uploads/2025/09/PE-Rencontres-intergenerationnelles-inter-ehpads-et-residences-autonomies.pdf,Rencontres_intergenerationnelles_inter-ehpads_et_residences_autonomies.pdf,Rencontres_intergenerationnelles_inter-ehpads_et_residences_autonomies.txt,2,3533,539
64,Ma station fermière,,,https://www.villesamiesdesaines-rf.fr/nos-fiches/?loop-02g8g8zdkg=6,https://www.villesamiesdesaines-rf.fr/wp-content/uploads/2025/09/PE-Ma-station-fermiere.pdf,Ma_station_fermiere.pdf,Ma_station_fermiere.txt,2,3894,630
65,Le Conseil des Seniors Actifs,,,https://www.villesamiesdesaines-rf.fr/nos-fiches/?loop-02g8g8zdkg=6,https://www.villesamiesdesaines-rf.fr/wp-content/uploads/2025/09/PE-Le-Conseil-des-Seniors-Actifs.pdf,Le_Conseil_des_Seniors_Actifs.pdf,Le_Conseil_des_Seniors_Actifs.txt,2,3408,536
66,Atelier intergénérationnel,,,https://www.villesamiesdesaines-rf.fr/nos-fiches/?loop-02g8g8zdkg=6,https://www.villesamiesdesaines-rf.fr/wp-content/uploads/2025/09/PE-Atelier-intergenerationnel.pdf,Atelier_intergenerationnel.pdf,Atelier_intergenerationnel.txt,2,2856,491
67,Création d'un guide pratique des aînés,,,https://www.villesamiesdesaines-rf.fr/nos-fiches/?loop-02g8g8zdkg=6,https://www.villesamiesdesaines-rf.fr/wp-content/uploads/2025/09/PE-Creation-dun-guide-pratique-des-aines.pdf,Creation_dun_guide_pratique_des_aines.pdf,Creation_dun_guide_pratique_des_aines.txt,2,3177,507
68,Les nouveaux usages du numérique : 4 ateliers pour tout comprendre,,,https://www.villesamiesdesaines-rf.fr/nos-fiches/?loop-02g8g8zdkg=6,https://www.villesamiesdesaines-rf.fr/wp-content/uploads/2025/09/PE-Les-nouveaux-usages-du-numerique-4-ateliers-pour-tout-comprendre.pdf,Les_nouveaux_usages_du_numerique_4_ateliers_pour_tout_comprendre.pdf,Les_nouveaux_usages_du_numerique_4_ateliers_pour_tout_comprendre.txt,2,3670,569
69,"Parenthèses, temps de répit pour les aidants",,,https://www.villesamiesdesaines-rf.fr/nos-fiches/?loop-02g8g8zdkg=6,https://www.villesamiesdesaines-rf.fr/wp-content/uploads/2025/09/PE-Parentheses-temps-de-repit-pour-les-aidants.pdf,Parentheses_temps_de_repit_pour_les_aidants.pdf,Parentheses_temps_de_repit_pour_les_aidants.txt,2,3343,514
70,"Ateliers écoute, partage et communication : transmission des savoirs",,,https://www.villesamiesdesaines-rf.fr/nos-fiches/?loop-02g8g8zdkg=6,https://www.villesamiesdesaines-rf.fr/wp-content/uploads/2025/09/PE-ATELIERS-ECOUTE-PARTAGE-ET-COMMUNICATION-TRANSMISSION-DES-SAVOIRS.pdf,Ateliers_ecoute_partage_et_communication_transmission_des_savoirs.pdf,Ateliers_ecoute_partage_et_communication_transmission_des_savoirs.txt,2,3025,492
71,Transport à la demande,,,https://www.villesamiesdesaines-rf.fr/nos-fiches/?loop-02g8g8zdkg=6,https://www.villesamiesdesaines-rf.fr/wp-content/uploads/2025/09/PE-Transport-a-la-demande.pdf,Transport_a_la_demande.pdf,Transport_a_la_demande.txt,2,3353,544
72,Restaurant seniors,,,https://www.villesamiesdesaines-rf.fr/nos-fiches/?loop-02g8g8zdkg=7,https://www.villesamiesdesaines-rf.fr/wp-content/uploads/2025/09/PE-Restaurant-seniors.pdf,Restaurant_seniors.pdf,Restaurant_seniors.txt,2,2882,453
73,Vacances des seniors,,,https://www.villesamiesdesaines-rf.fr/nos-fiches/?loop-02g8g8zdkg=7,https://www.villesamiesdesaines-rf.fr/wp-content/uploads/2025/09/PE-Vacances-des-seniors.pdf,Vacances_des_seniors.pdf,Vacances_des_seniors.txt,2,2981,499
74,"Ateliers écoute, partage et communication : ateliers intergénérationnels",,,https://www.villesamiesdesaines-rf.fr/nos-fiches/?loop-02g8g8zdkg=7,https://www.villesamiesdesaines-rf.fr/wp-content/uploads/2025/09/PE-ATELIERS-ECOUTE-PARTAGE-ET-COMMUNICATION-ATELIERS-INTERGENERATIONNELS.pdf,Ateliers_ecoute_partage_et_communication_ateliers_intergenerationnels.pdf,Ateliers_ecoute_partage_et_communication_ateliers_intergenerationnels.txt,2,3000,482
75,Semaine Bleue,,,https://www.villesamiesdesaines-rf.fr/nos-fiches/?loop-02g8g8zdkg=7,https://www.villesamiesdesaines-rf.fr/wp-content/uploads/2025/09/PE-Semaine-Bleue-a-Bailleul.pdf,Semaine_Bleue.pdf,Semaine_Bleue.txt,2,4502,682
76,Les mardis des seniors,,,https://www.villesamiesdesaines-rf.fr/nos-fiches/?loop-02g8g8zdkg=7,https://www.villesamiesdesaines-rf.fr/wp-content/uploads/2025/09/PE-Les-mardis-des-seniors.pdf,Les_mardis_des_seniors.pdf,Les_mardis_des_seniors.txt,2,4593,729
77,V.I.P ( Visiter Informer Proposer ),,,https://www.villesamiesdesaines-rf.fr/nos-fiches/?loop-02g8g8zdkg=7,https://www.villesamiesdesaines-rf.fr/wp-content/uploads/2025/09/PE-V.I.P.pdf,VIP_Visiter_Informer_Proposer.pdf,VIP_Visiter_Informer_Proposer.txt,2,4176,686
78,"Le CAFE R.E.L.A.I.S. (Rencontre, Entraide, Lien, Accueil, Inclusion numérique et Soutien)",,,https://www.villesamiesdesaines-rf.fr/nos-fiches/?loop-02g8g8zdkg=7,https://www.villesamiesdesaines-rf.fr/wp-content/uploads/2025/09/PE-Cafe-relais-1.pdf,Le_CAFE_RELAIS_Rencontre_Entraide_Lien_Accueil_Inclusion_numerique_et_Soutien.pdf,Le_CAFE_RELAIS_Rencontre_Entraide_Lien_Accueil_Inclusion_numerique_et_Soutien.txt,2,4430,719
79,Les ateliers seniors,,,https://www.villesamiesdesaines-rf.fr/nos-fiches/?loop-02g8g8zdkg=7,https://www.villesamiesdesaines-rf.fr/wp-content/uploads/2025/09/PE-Les-ateliers-seniors.pdf,Les_ateliers_seniors.pdf,Les_ateliers_seniors.txt,2,3533,588
80,Aire d'activités intergénérationnelles,,,https://www.villesamiesdesaines-rf.fr/nos-fiches/?loop-02g8g8zdkg=7,https://www.villesamiesdesaines-rf.fr/wp-content/uploads/2025/09/PE-Aire-dactivites-intergenerationnelles.pdf,Aire_dactivites_intergenerationnelles.pdf,Aire_dactivites_intergenerationnelles.txt,2,4236,657
81,Implantation de bancs,,,https://www.villesamiesdesaines-rf.fr/nos-fiches/?loop-02g8g8zdkg=7,https://www.villesamiesdesaines-rf.fr/wp-content/uploads/2025/09/PE-Implantation-de-bancs-1.pdf,Implantation_de_bancs.pdf,Implantation_de_bancs.txt,2,3110,490
82,Ciné senior,,,https://www.villesamiesdesaines-rf.fr/nos-fiches/?loop-02g8g8zdkg=7,https://www.villesamiesdesaines-rf.fr/wp-content/uploads/2025/09/PE-Cine-senior.pdf,Cine_senior.pdf,Cine_senior.txt,2,3539,588
83,Service de transport à la demande Avel TAD,,,https://www.villesamiesdesaines-rf.fr/nos-fiches/?loop-02g8g8zdkg=7,https://www.villesamiesdesaines-rf.fr/wp-content/uploads/2025/09/PE-Service-de-transport-a-la-demande-Avel-TAD.pdf,Service_de_transport_a_la_demande_Avel_TAD.pdf,Service_de_transport_a_la_demande_Avel_TAD.txt,2,3695,584
84,"Café Sénior ""Pour un usage sécurisé du numérique""",,,https://www.villesamiesdesaines-rf.fr/nos-fiches/?loop-02g8g8zdkg=8,https://www.villesamiesdesaines-rf.fr/wp-content/uploads/2025/09/PE-Cafe-Senior-Pour-un-usage-securise-du-numerique.pdf,Cafe_Senior_Pour_un_usage_securise_du_numerique.pdf,Cafe_Senior_Pour_un_usage_securise_du_numerique.txt,2,4047,629
85,La Pause Café,,,https://www.villesamiesdesaines-rf.fr/nos-fiches/?loop-02g8g8zdkg=8,https://www.villesamiesdesaines-rf.fr/wp-content/uploads/2025/09/PE-La-Pause-Cafe.pdf,La_Pause_Cafe.pdf,La_Pause_Cafe.txt,2,3482,562
86,Les petites marches Monalisa,,,https://www.villesamiesdesaines-rf.fr/nos-fiches/?loop-02g8g8zdkg=8,https://www.villesamiesdesaines-rf.fr/wp-content/uploads/2025/09/PE-Les-petites-marches-Monalisa.pdf,Les_petites_marches_Monalisa.pdf,Les_petites_marches_Monalisa.txt,2,3443,533
87,Mise en place d’un circuit vert avec du mobilier urbain adapté aux seniors,,,https://www.villesamiesdesaines-rf.fr/nos-fiches/?loop-02g8g8zdkg=8,https://www.villesamiesdesaines-rf.fr/wp-content/uploads/2025/09/PE-Mise-en-place-dun-circuit-vert-avec-du-mobilier-urbain-adapte-aux-seniors-.pdf,Mise_en_place_dun_circuit_vert_avec_du_mobilier_urbain_adapte_aux_seniors.pdf,Mise_en_place_dun_circuit_vert_avec_du_mobilier_urbain_adapte_aux_seniors.txt,2,3381,555
88,Panier repas,,,https://www.villesamiesdesaines-rf.fr/nos-fiches/?loop-02g8g8zdkg=8,https://www.villesamiesdesaines-rf.fr/wp-content/uploads/2025/07/PE-Panier-repas-1.pdf,Panier_repas.pdf,Panier_repas.txt,2,4290,649
89,Petits et grands fêtent Pâques,,,https://www.villesamiesdesaines-rf.fr/nos-fiches/?loop-02g8g8zdkg=8,https://www.villesamiesdesaines-rf.fr/wp-content/uploads/2025/06/PE-Petits-et-grands-fetent-Paques.pdf,Petits_et_grands_fetent_Paques.pdf,Petits_et_grands_fetent_Paques.txt,2,2956,500
90,Réveil musculaire,,,https://www.villesamiesdesaines-rf.fr/nos-fiches/?loop-02g8g8zdkg=8,https://www.villesamiesdesaines-rf.fr/wp-content/uploads/2025/06/PE-Reveil-musculaire.pdf,Reveil_musculaire.pdf,Reveil_musculaire.txt,2,2177,367
91,Animations intergénérationnelles,,,https://www.villesamiesdesaines-rf.fr/nos-fiches/?loop-02g8g8zdkg=8,https://www.villesamiesdesaines-rf.fr/wp-content/uploads/2025/06/PE-Animations-intergenerationnelles.pdf,Animations_intergenerationnelles.pdf,Animations_intergenerationnelles.txt,2,2584,377
92,Instance seniors,,,https://www.villesamiesdesaines-rf.fr/nos-fiches/?loop-02g8g8zdkg=8,https://www.villesamiesdesaines-rf.fr/wp-content/uploads/2025/06/PE-Instance-seniors.pdf,Instance_seniors.pdf,Instance_seniors.txt,2,2940,471
93,Dyna Marche,,,https://www.villesamiesdesaines-rf.fr/nos-fiches/?loop-02g8g8zdkg=8,https://www.villesamiesdesaines-rf.fr/wp-content/uploads/2025/06/PE-Dyna-Marche.pdf,Dyna_Marche.pdf,Dyna_Marche.txt,2,3158,502
94,Ateliers numériques,,,https://www.villesamiesdesaines-rf.fr/nos-fiches/?loop-02g8g8zdkg=8,https://www.villesamiesdesaines-rf.fr/wp-content/uploads/2025/06/PE-Ateliers-numeriques-Maxeville.pdf,Ateliers_numeriques.pdf,Ateliers_numeriques.txt,2,2625,402
95,Ateliers jardinages,,,https://www.villesamiesdesaines-rf.fr/nos-fiches/?loop-02g8g8zdkg=8,https://www.villesamiesdesaines-rf.fr/wp-content/uploads/2025/06/PE-Ateliers-jardinages.pdf,Ateliers_jardinages.pdf,Ateliers_jardinages.txt,1,2060,325
96,Une navette PMR pour les plus de 60 ans,,,https://www.villesamiesdesaines-rf.fr/nos-fiches/?loop-02g8g8zdkg=9,https://www.villesamiesdesaines-rf.fr/wp-content/uploads/2025/06/PE-Une-navette-PMR-pour-les-plus-de-60-ans-1.pdf,Une_navette_PMR_pour_les_plus_de_60_ans.pdf,Une_navette_PMR_pour_les_plus_de_60_ans.txt,2,3069,487
97,La conciergerie,,,https://www.villesamiesdesaines-rf.fr/nos-fiches/?loop-02g8g8zdkg=9,https://www.villesamiesdesaines-rf.fr/wp-content/uploads/2025/06/PE-La-conciergerie.pdf,La_conciergerie.pdf,La_conciergerie.txt,2,3364,511
98,Élaboration d'un guide ressources pour les futurs retraités du Sud Gironde,,,https://www.villesamiesdesaines-rf.fr/nos-fiches/?loop-02g8g8zdkg=9,https://www.villesamiesdesaines-rf.fr/wp-content/uploads/2025/06/PE-Elaboration-dun-guide-ressources.pdf,Elaboration_dun_guide_ressources_pour_les_futurs_retraites_du_Sud_Gironde.pdf,Elaboration_dun_guide_ressources_pour_les_futurs_retraites_du_Sud_Gironde.txt,2,4697,719
99,Un temps pour soi,,,https://www.villesamiesdesaines-rf.fr/nos-fiches/?loop-02g8g8zdkg=9,https://www.villesamiesdesaines-rf.fr/wp-content/uploads/2025/06/PE-Un-temps-pour-soi.pdf,Un_temps_pour_soi.pdf,Un_temps_pour_soi.txt,2,4124,660
100,CONFERENCE « se protéger des escroqueries »,,,https://www.villesamiesdesaines-rf.fr/nos-fiches/?loop-02g8g8zdkg=9,https://www.villesamiesdesaines-rf.fr/wp-content/uploads/2025/06/PE-CONFERENCE-se-proteger-des-escroqueries-.pdf,CONFERENCE_se_proteger_des_escroqueries.pdf,CONFERENCE_se_proteger_des_escroqueries.txt,2,2347,370
101,Atelier écriture,,,https://www.villesamiesdesaines-rf.fr/nos-fiches/?loop-02g8g8zdkg=9,https://www.villesamiesdesaines-rf.fr/wp-content/uploads/2025/06/PE-Atelier-ecriture.pdf,Atelier_ecriture.pdf,Atelier_ecriture.txt,2,3310,521
102,"Marché ""main dans la main""",,,https://www.villesamiesdesaines-rf.fr/nos-fiches/?loop-02g8g8zdkg=9,https://www.villesamiesdesaines-rf.fr/wp-content/uploads/2025/06/PE-Marche-main-dans-la-main.pdf,Marche_main_dans_la_main.pdf,Marche_main_dans_la_main.txt,1,2379,382
103,La marche adaptée pour tous,,,https://www.villesamiesdesaines-rf.fr/nos-fiches/?loop-02g8g8zdkg=9,https://www.villesamiesdesaines-rf.fr/wp-content/uploads/2025/06/PE-La-marche-adaptee-pour-tous.pdf,La_marche_adaptee_pour_tous.pdf,La_marche_adaptee_pour_tous.txt,2,2882,446
104,"Elaboration d'un guide à l'attention des seniors : Le ""Guid'Infos seniors""",,,https://www.villesamiesdesaines-rf.fr/nos-fiches/?loop-02g8g8zdkg=9,https://www.villesamiesdesaines-rf.fr/wp-content/uploads/2025/06/PE-Le-GuidInfos-seniors.pdf,Elaboration_dun_guide_a_lattention_des_seniors_Le_GuidInfos_seniors.pdf,Elaboration_dun_guide_a_lattention_des_seniors_Le_GuidInfos_seniors.txt,2,3542,587
105,"Mise en oeuvre du dispositif de ""l'heure civique""",,,https://www.villesamiesdesaines-rf.fr/nos-fiches/?loop-02g8g8zdkg=9,https://www.villesamiesdesaines-rf.fr/wp-content/uploads/2025/06/PE-Mise-en-oeuvre-du-dispositif-de-lheure-civique-sur-la-commune-de-Saint-Palais-sur-Mer.pdf,Mise_en_oeuvre_du_dispositif_de_lheure_civique.pdf,Mise_en_oeuvre_du_dispositif_de_lheure_civique.txt,2,4178,652
106,Maison des seniors,,,https://www.villesamiesdesaines-rf.fr/nos-fiches/?loop-02g8g8zdkg=9,https://www.villesamiesdesaines-rf.fr/wp-content/uploads/2025/06/PE-Maison-des-seniors.pdf,Maison_des_seniors.pdf,Maison_des_seniors.txt,2,2899,475
107,Bien vieillir à domicile : la réponse conjointe des collectivités et des bailleurs sociaux,,,https://www.villesamiesdesaines-rf.fr/nos-fiches/?loop-02g8g8zdkg=9,https://www.villesamiesdesaines-rf.fr/wp-content/uploads/2025/06/462-pe-bien-vieillir-a-domicile-1-1.pdf,Bien_vieillir_a_domicile_la_reponse_conjointe_des_collectivites_et_des_bailleurs_sociaux.pdf,Bien_vieillir_a_domicile_la_reponse_conjointe_des_collectivites_et_des_bailleurs_sociaux.txt,2,5086,769
108,Une recherche action pour favoriser l’inclusion des aînés lgbt,,,https://www.villesamiesdesaines-rf.fr/nos-fiches/?loop-02g8g8zdkg=10,https://www.villesamiesdesaines-rf.fr/wp-content/uploads/2025/06/463-463-pe-geneve-recherche-lgbt-1.pdf,Une_recherche_action_pour_favoriser_linclusion_des_aines_lgbt.pdf,Une_recherche_action_pour_favoriser_linclusion_des_aines_lgbt.txt,2,4436,671
109,Projet de vie a la retraite,,,https://www.villesamiesdesaines-rf.fr/nos-fiches/?loop-02g8g8zdkg=10,https://www.villesamiesdesaines-rf.fr/wp-content/uploads/2025/06/464-pe-projet-de-vie-a-la-retraite-1.pdf,Projet_de_vie_a_la_retraite.pdf,Projet_de_vie_a_la_retraite.txt,2,3842,636
110,Préserver les liens dans les moments de rupture : l’engagement d’entour’âge solidaire,,,https://www.villesamiesdesaines-rf.fr/nos-fiches/?loop-02g8g8zdkg=10,https://www.villesamiesdesaines-rf.fr/wp-content/uploads/2025/06/465-465-pe-entourage-1.pdf,Preserver_les_liens_dans_les_moments_de_rupture_lengagement_dentourage_solidaire.pdf,Preserver_les_liens_dans_les_moments_de_rupture_lengagement_dentourage_solidaire.txt,2,3931,613
111,Exposition de visages,,,https://www.villesamiesdesaines-rf.fr/nos-fiches/?loop-02g8g8zdkg=10,https://www.villesamiesdesaines-rf.fr/wp-content/uploads/2025/06/469-pe-exposition-de-visages-mise-en-forme-2023-1.pdf,Exposition_de_visages.pdf,Exposition_de_visages.txt,2,3498,544
112,Les “chantiers jeunes” s’invitent en ehpad,,,https://www.villesamiesdesaines-rf.fr/nos-fiches/?loop-02g8g8zdkg=10,https://www.villesamiesdesaines-rf.fr/wp-content/uploads/2025/06/468-copie-de-pe-fiche-vierge-2-1.pdf,Les_chantiers_jeunes_sinvitent_en_ehpad.pdf,Les_chantiers_jeunes_sinvitent_en_ehpad.txt,2,4305,693
113,1 sourire + 1 gâteau = 1 rencontre,,,https://www.villesamiesdesaines-rf.fr/nos-fiches/?loop-02g8g8zdkg=10,https://www.villesamiesdesaines-rf.fr/wp-content/uploads/2025/06/473-473-sourire-gateau-rencontre-1.pdf,1_sourire_1_gateau_1_rencontre.pdf,1_sourire_1_gateau_1_rencontre.txt,1,2736,436
114,Mes pantoufles attendront,,,https://www.villesamiesdesaines-rf.fr/nos-fiches/?loop-02g8g8zdkg=10,https://www.villesamiesdesaines-rf.fr/wp-content/uploads/2025/06/475-475-mes-pantoufles-attendront-1.pdf,Mes_pantoufles_attendront.pdf,Mes_pantoufles_attendront.txt,1,2929,459
115,Les aînés dessinent le parcours de demain,,,https://www.villesamiesdesaines-rf.fr/nos-fiches/?loop-02g8g8zdkg=10,https://www.villesamiesdesaines-rf.fr/wp-content/uploads/2025/06/476-476-les-aines-dessinent-le-parcours-de-demain-1.pdf,Les_aines_dessinent_le_parcours_de_demain.pdf,Les_aines_dessinent_le_parcours_de_demain.txt,2,4202,633
116,Ateliers d’initiation au numérique,,,https://www.villesamiesdesaines-rf.fr/nos-fiches/?loop-02g8g8zdkg=10,https://www.villesamiesdesaines-rf.fr/wp-content/uploads/2025/06/477-477-ateliers-d-initiation-au-numerique-1.pdf,Ateliers_dinitiation_au_numerique.pdf,Ateliers_dinitiation_au_numerique.txt,1,4204,625
117,Ateliers prev’seniors,,,https://www.villesamiesdesaines-rf.fr/nos-fiches/?loop-02g8g8zdkg=10,https://www.villesamiesdesaines-rf.fr/wp-content/uploads/2025/06/478-478-ateliers-prev-seniors.pdf,Ateliers_prevseniors.pdf,Ateliers_prevseniors.txt,1,3395,516
118,Super senior,,,https://www.villesamiesdesaines-rf.fr/nos-fiches/?loop-02g8g8zdkg=10,https://www.villesamiesdesaines-rf.fr/wp-content/uploads/2025/06/479-479-super-senior.pdf,Super_senior.pdf,Super_senior.txt,2,5004,781
119,Parcours de découverte de l’art contemporain,,,https://www.villesamiesdesaines-rf.fr/nos-fiches/?loop-02g8g8zdkg=10,https://www.villesamiesdesaines-rf.fr/wp-content/uploads/2025/06/482-pe-decouverte-de-l-art-contemporain.pdf,Parcours_de_decouverte_de_lart_contemporain.pdf,Parcours_de_decouverte_de_lart_contemporain.txt,2,3101,514
120,"D-marche, c’est surtout pour tout le monde",,,https://www.villesamiesdesaines-rf.fr/nos-fiches/?loop-02g8g8zdkg=11,https://www.villesamiesdesaines-rf.fr/wp-content/uploads/2025/06/483-pe-d-marche-c-est-surtout-pour-tout-le-monde.pdf,D-marche_cest_surtout_pour_tout_le_monde.pdf,D-marche_cest_surtout_pour_tout_le_monde.txt,2,4127,648
121,Les seniors sont actifs et engagés dans la vie locale,,,https://www.villesamiesdesaines-rf.fr/nos-fiches/?loop-02g8g8zdkg=11,https://www.villesamiesdesaines-rf.fr/wp-content/uploads/2025/06/487-pe-seniors-actif-vie-locale.pdf,Les_seniors_sont_actifs_et_engages_dans_la_vie_locale.pdf,Les_seniors_sont_actifs_et_engages_dans_la_vie_locale.txt,2,3141,494
122,Parrainage culturel,,,https://www.villesamiesdesaines-rf.fr/nos-fiches/?loop-02g8g8zdkg=11,https://www.villesamiesdesaines-rf.fr/wp-content/uploads/2025/06/490-copie-de-pe-fiche-vierge.pdf,Parrainage_culturel.pdf,Parrainage_culturel.txt,2,3604,548
123,Parcours de la chenille aux senteurs,,,https://www.villesamiesdesaines-rf.fr/nos-fiches/?loop-02g8g8zdkg=11,https://www.villesamiesdesaines-rf.fr/wp-content/uploads/2025/06/488-pe-la-chenille-aux-senteurs.pdf,Parcours_de_la_chenille_aux_senteurs.pdf,Parcours_de_la_chenille_aux_senteurs.txt,2,3191,497
124,Mobycity,,,https://www.villesamiesdesaines-rf.fr/nos-fiches/?loop-02g8g8zdkg=11,https://www.villesamiesdesaines-rf.fr/wp-content/uploads/2025/06/376-pe-mobycity.pdf,Mobycity.pdf,Mobycity.txt,2,3976,597
125,"A Dijon, une maison d’accueil pour personnes âgées marginalisées",,,https://www.villesamiesdesaines-rf.fr/nos-fiches/?loop-02g8g8zdkg=11,https://www.villesamiesdesaines-rf.fr/wp-content/uploads/2025/06/495-495-pe-sdat-mapam-1.pdf,A_Dijon_une_maison_daccueil_pour_personnes_agees_marginalisees.pdf,A_Dijon_une_maison_daccueil_pour_personnes_agees_marginalisees.txt,2,4356,654
126,Un café des aidants de personnes malades d’alzheimer,,,https://www.villesamiesdesaines-rf.fr/nos-fiches/?loop-02g8g8zdkg=11,https://www.villesamiesdesaines-rf.fr/wp-content/uploads/2025/06/428-428-pe-cafe-des-aidants.pdf,Un_cafe_des_aidants_de_personnes_malades_dalzheimer.pdf,Un_cafe_des_aidants_de_personnes_malades_dalzheimer.txt,2,5807,915
127,Papimamie digital,,,https://www.villesamiesdesaines-rf.fr/nos-fiches/?loop-02g8g8zdkg=11,https://www.villesamiesdesaines-rf.fr/wp-content/uploads/2025/06/429-pe-papimamie-digital-mise-en-forme-2023.pdf,Papimamie_digital.pdf,Papimamie_digital.txt,2,4603,700
128,Atelier récit de vie personnelle et de quartier,,,https://www.villesamiesdesaines-rf.fr/nos-fiches/?loop-02g8g8zdkg=11,https://www.villesamiesdesaines-rf.fr/wp-content/uploads/2025/06/431-431-atelier-recit-de-vie-schoelcher.pdf,Atelier_recit_de_vie_personnelle_et_de_quartier.pdf,Atelier_recit_de_vie_personnelle_et_de_quartier.txt,1,3241,524
129,"Un projet d’habitat intergé, solidaire et participatif",,,https://www.villesamiesdesaines-rf.fr/nos-fiches/?loop-02g8g8zdkg=11,https://www.villesamiesdesaines-rf.fr/wp-content/uploads/2025/06/437-pe-projet-d-habitat-interge-solidaire.pdf,Un_projet_dhabitat_interge_solidaire_et_participatif.pdf,Un_projet_dhabitat_interge_solidaire_et_participatif.txt,3,8893,1344
130,“Cotillons & courtoisies”,,,https://www.villesamiesdesaines-rf.fr/nos-fiches/?loop-02g8g8zdkg=11,https://www.villesamiesdesaines-rf.fr/wp-content/uploads/2025/06/439-pe-cotillons-et-courtoisie-mise-en-forme-2023.pdf,Cotillons_courtoisies.pdf,Cotillons_courtoisies.txt,2,5555,876
131,Un guide des balades urbaines dans les parcs et jardins,,,https://www.villesamiesdesaines-rf.fr/nos-fiches/?loop-02g8g8zdkg=11,https://www.villesamiesdesaines-rf.fr/wp-content/uploads/2025/06/440-440-pe-balades-urbaines.pdf,Un_guide_des_balades_urbaines_dans_les_parcs_et_jardins.pdf,Un_guide_des_balades_urbaines_dans_les_parcs_et_jardins.txt,1,3782,625
132,“Une tête bien pleine dans un corps bien fait” accompagner les aînés pour un vieillissement en bonne santé,,,https://www.villesamiesdesaines-rf.fr/nos-fiches/?loop-02g8g8zdkg=12,https://www.villesamiesdesaines-rf.fr/wp-content/uploads/2025/06/441-pe-la-fabrique-a-neurones-mise-en-forme-2023.pdf,Une_tete_bien_pleine_dans_un_corps_bien_fait_accompagner_les_aines_pour_un_vieillissement_en_bonne_sante.pdf,Une_tete_bien_pleine_dans_un_corps_bien_fait_accompagner_les_aines_pour_un_vieillissement_en_bonne_sante.txt,2,5223,811
133,Le musée hors les murs,,,https://www.villesamiesdesaines-rf.fr/nos-fiches/?loop-02g8g8zdkg=12,https://www.villesamiesdesaines-rf.fr/wp-content/uploads/2025/06/442-442-pe-dieppe-musee-hors-les-murs-1-1.pdf,Le_musee_hors_les_murs.pdf,Le_musee_hors_les_murs.txt,1,4604,747
134,Un noël solidaire,,,https://www.villesamiesdesaines-rf.fr/nos-fiches/?loop-02g8g8zdkg=12,https://www.villesamiesdesaines-rf.fr/wp-content/uploads/2025/06/444-pe-un-noel-solidaire.pdf,Un_noel_solidaire.pdf,Un_noel_solidaire.txt,2,3536,573
135,"Seniors, la route et vous",,,https://www.villesamiesdesaines-rf.fr/nos-fiches/?loop-02g8g8zdkg=12,https://www.villesamiesdesaines-rf.fr/wp-content/uploads/2025/06/445-pe-seniors-la-route-et-vous.pdf,Seniors_la_route_et_vous.pdf,Seniors_la_route_et_vous.txt,2,3778,582
136,Pass’ sport santé seniors,,,https://www.villesamiesdesaines-rf.fr/nos-fiches/?loop-02g8g8zdkg=12,https://www.villesamiesdesaines-rf.fr/wp-content/uploads/2025/06/446-446-pass-sport-sante-seniors-1.pdf,Pass_sport_sante_seniors.pdf,Pass_sport_sante_seniors.txt,2,4283,672
137,Une navette au service des seniors,,,https://www.villesamiesdesaines-rf.fr/nos-fiches/?loop-02g8g8zdkg=12,https://www.villesamiesdesaines-rf.fr/wp-content/uploads/2025/06/448-pe-une-navette-au-service-des-seniors.pdf,Une_navette_au_service_des_seniors.pdf,Une_navette_au_service_des_seniors.txt,2,3071,497
138,"Cocardes ""made in romans""",,,https://www.villesamiesdesaines-rf.fr/nos-fiches/?loop-02g8g8zdkg=12,https://www.villesamiesdesaines-rf.fr/wp-content/uploads/2025/06/449-pe-cocardes-mise-en-forme-2023.pdf,Cocardes_made_in_romans.pdf,Cocardes_made_in_romans.txt,2,3543,574
139,« Les dimanches de la vie »,,,https://www.villesamiesdesaines-rf.fr/nos-fiches/?loop-02g8g8zdkg=12,https://www.villesamiesdesaines-rf.fr/wp-content/uploads/2025/06/451-451-pe-dimanches-de-la-vie.pdf,Les_dimanches_de_la_vie.pdf,Les_dimanches_de_la_vie.txt,1,4134,644
140,Quelles histoires !,,,https://www.villesamiesdesaines-rf.fr/nos-fiches/?loop-02g8g8zdkg=12,https://www.villesamiesdesaines-rf.fr/wp-content/uploads/2025/06/452-452-pe-dieppe-quelles-histoires.pdf,Quelles_histoires.pdf,Quelles_histoires.txt,1,3441,552
141,Still living,,,https://www.villesamiesdesaines-rf.fr/nos-fiches/?loop-02g8g8zdkg=12,https://www.villesamiesdesaines-rf.fr/wp-content/uploads/2025/06/453-pe-still-living.pdf,Still_living.pdf,Still_living.txt,2,3952,623
142,Défilé de mode seniors 2017,,,https://www.villesamiesdesaines-rf.fr/nos-fiches/?loop-02g8g8zdkg=12,https://www.villesamiesdesaines-rf.fr/wp-content/uploads/2025/06/454-454-defile-de-mode-seniors-2017-1.pdf,Defile_de_mode_seniors_2017.pdf,Defile_de_mode_seniors_2017.txt,1,4408,699
143,Covoiturage culturel,,,https://www.villesamiesdesaines-rf.fr/nos-fiches/?loop-02g8g8zdkg=12,https://www.villesamiesdesaines-rf.fr/wp-content/uploads/2025/06/456-456-pe-covoiturage-culturel-1.pdf,Covoiturage_culturel.pdf,Covoiturage_culturel.txt,1,2731,410
144,Le café des âges,,,https://www.villesamiesdesaines-rf.fr/nos-fiches/?loop-02g8g8zdkg=13,https://www.villesamiesdesaines-rf.fr/wp-content/uploads/2025/06/457-457-cafe-des-ages.pdf,Le_cafe_des_ages.pdf,Le_cafe_des_ages.txt,2,4412,685
145,Conférence citoyenne des seniors parisiens,,,https://www.villesamiesdesaines-rf.fr/nos-fiches/?loop-02g8g8zdkg=13,https://www.villesamiesdesaines-rf.fr/wp-content/uploads/2025/06/459-459-pe-paris-conference-citoyenne-2.pdf,Conference_citoyenne_des_seniors_parisiens.pdf,Conference_citoyenne_des_seniors_parisiens.txt,1,3204,482
146,"« Le liseur, la liseuse »",,,https://www.villesamiesdesaines-rf.fr/nos-fiches/?loop-02g8g8zdkg=13,https://www.villesamiesdesaines-rf.fr/wp-content/uploads/2025/06/393-393-pe-le-liseur-la-liseuse.pdf,Le_liseur_la_liseuse.pdf,Le_liseur_la_liseuse.txt,1,3851,599
147,Un projet intergénérationnel autour de Verdun,,,https://www.villesamiesdesaines-rf.fr/nos-fiches/?loop-02g8g8zdkg=13,https://www.villesamiesdesaines-rf.fr/wp-content/uploads/2025/06/394-394-pe-projet-intergenerationnel-autour-de-verdun.pdf,Un_projet_intergenerationnel_autour_de_Verdun.pdf,Un_projet_intergenerationnel_autour_de_Verdun.txt,2,6789,1131
148,Bistrot mémoire,,,https://www.villesamiesdesaines-rf.fr/nos-fiches/?loop-02g8g8zdkg=13,https://www.villesamiesdesaines-rf.fr/wp-content/uploads/2025/06/395-pe-bistrot-memoire-mise-en-forme-2023.pdf,Bistrot_memoire.pdf,Bistrot_memoire.txt,2,6249,936
149,Le jeu des récits et des vies,,,https://www.villesamiesdesaines-rf.fr/nos-fiches/?loop-02g8g8zdkg=13,https://www.villesamiesdesaines-rf.fr/wp-content/uploads/2025/06/397-397-pe-jeu-des-recits-et-des-vies.pdf,Le_jeu_des_recits_et_des_vies.pdf,Le_jeu_des_recits_et_des_vies.txt,1,4215,707
150,Quelle offre culturelle nantaise pour les seniors ?,,,https://www.villesamiesdesaines-rf.fr/nos-fiches/?loop-02g8g8zdkg=13,https://www.villesamiesdesaines-rf.fr/wp-content/uploads/2025/06/399-pe-offre-culturelle-seniors-1.pdf,Quelle_offre_culturelle_nantaise_pour_les_seniors.pdf,Quelle_offre_culturelle_nantaise_pour_les_seniors.txt,2,3733,593
151,Les chèques seniors,,,https://www.villesamiesdesaines-rf.fr/nos-fiches/?loop-02g8g8zdkg=13,https://www.villesamiesdesaines-rf.fr/wp-content/uploads/2025/06/401-pe-cheques-seniors-mise-en-forme-2023-1.pdf,Les_cheques_seniors.pdf,Les_cheques_seniors.txt,2,4460,711
152,Prev’seniors : les ateliers prévention et rencontre destinés aux seniors,,,https://www.villesamiesdesaines-rf.fr/nos-fiches/?loop-02g8g8zdkg=13,https://www.villesamiesdesaines-rf.fr/wp-content/uploads/2025/06/402-402-pe-toulouse-chalets.pdf,Prevseniors_les_ateliers_prevention_et_rencontre_destines_aux_seniors.pdf,Prevseniors_les_ateliers_prevention_et_rencontre_destines_aux_seniors.txt,2,8252,1318
153,Création d’un conseil des aînés,,,https://www.villesamiesdesaines-rf.fr/nos-fiches/?loop-02g8g8zdkg=13,https://www.villesamiesdesaines-rf.fr/wp-content/uploads/2025/06/403-403-conseil-des-aines.pdf,Creation_dun_conseil_des_aines.pdf,Creation_dun_conseil_des_aines.txt,1,2658,417
154,L’ensemble intergénérationnel de la Croix-Rousse,,,https://www.villesamiesdesaines-rf.fr/nos-fiches/?loop-02g8g8zdkg=13,https://www.villesamiesdesaines-rf.fr/wp-content/uploads/2025/06/404-pe-ensemble-inter-croix-rousse-mise-en-forme-2023.pdf,Lensemble_intergenerationnel_de_la_Croix-Rousse.pdf,Lensemble_intergenerationnel_de_la_Croix-Rousse.txt,3,7723,1150
155,Démarche participative et transversale sur la mobilité des seniors,,,https://www.villesamiesdesaines-rf.fr/nos-fiches/?loop-02g8g8zdkg=13,https://www.villesamiesdesaines-rf.fr/wp-content/uploads/2025/06/409-409-pe-mobilite-seniors.pdf,Demarche_participative_et_transversale_sur_la_mobilite_des_seniors.pdf,Demarche_participative_et_transversale_sur_la_mobilite_des_seniors.txt,1,4334,695
156,Accompagnement des personnes à mobilité réduite aux bureaux de vote,,,https://www.villesamiesdesaines-rf.fr/nos-fiches/?loop-02g8g8zdkg=14,https://www.villesamiesdesaines-rf.fr/wp-content/uploads/2025/06/410-410-accompagnement-vote.pdf,Accompagnement_des_personnes_a_mobilite_reduite_aux_bureaux_de_vote.pdf,Accompagnement_des_personnes_a_mobilite_reduite_aux_bureaux_de_vote.txt,1,3069,498
157,Un groupe d’experts d’usage pour l’amélioration du cadre de vie,,,https://www.villesamiesdesaines-rf.fr/nos-fiches/?loop-02g8g8zdkg=14,https://www.villesamiesdesaines-rf.fr/wp-content/uploads/2025/06/411-411-groupes-experts-besancon.pdf,Un_groupe_dexperts_dusage_pour_lamelioration_du_cadre_de_vie.pdf,Un_groupe_dexperts_dusage_pour_lamelioration_du_cadre_de_vie.txt,1,4258,665
158,0Mobival : un service de transport accompagné,,,https://www.villesamiesdesaines-rf.fr/nos-fiches/?loop-02g8g8zdkg=14,https://www.villesamiesdesaines-rf.fr/wp-content/uploads/2025/06/415-415-mobival.pdf,0Mobival_un_service_de_transport_accompagne.pdf,0Mobival_un_service_de_transport_accompagne.txt,1,3782,612
159,"Pour plus de mobilité, des chaises dans la ville",,,https://www.villesamiesdesaines-rf.fr/nos-fiches/?loop-02g8g8zdkg=14,https://www.villesamiesdesaines-rf.fr/wp-content/uploads/2025/06/416-pe-des-cahises-dans-la-ville.pdf,Pour_plus_de_mobilite_des_chaises_dans_la_ville.pdf,Pour_plus_de_mobilite_des_chaises_dans_la_ville.txt,2,3230,517
160,Groupes d’échanges : de l’aide aux aidants en accueil de jour,,,https://www.villesamiesdesaines-rf.fr/nos-fiches/?loop-02g8g8zdkg=14,https://www.villesamiesdesaines-rf.fr/wp-content/uploads/2025/06/417-417-groupe-de-parole-aidants-dijon.pdf,Groupes_dechanges_de_laide_aux_aidants_en_accueil_de_jour.pdf,Groupes_dechanges_de_laide_aux_aidants_en_accueil_de_jour.txt,2,7357,1173
161,Accompagnement des patients cardiaques et initiations aux gestes qui sauvent,,,https://www.villesamiesdesaines-rf.fr/nos-fiches/?loop-02g8g8zdkg=14,https://www.villesamiesdesaines-rf.fr/wp-content/uploads/2025/06/421-pe-accompagnement-de-patients-cardiaques.pdf,Accompagnement_des_patients_cardiaques_et_initiations_aux_gestes_qui_sauvent.pdf,Accompagnement_des_patients_cardiaques_et_initiations_aux_gestes_qui_sauvent.txt,2,3665,537
162,Vacances vivantes,,,https://www.villesamiesdesaines-rf.fr/nos-fiches/?loop-02g8g8zdkg=14,https://www.villesamiesdesaines-rf.fr/wp-content/uploads/2025/06/422-pe-vacances-vivantes.pdf,Vacances_vivantes.pdf,Vacances_vivantes.txt,3,7584,1188
163,« Bénévolat senior : un projet de vie réfléchi »,,,https://www.villesamiesdesaines-rf.fr/nos-fiches/?loop-02g8g8zdkg=14,https://www.villesamiesdesaines-rf.fr/wp-content/uploads/2025/06/424-424-pe-benevoles-opad.pdf,Benevolat_senior_un_projet_de_vie_reflechi.pdf,Benevolat_senior_un_projet_de_vie_reflechi.txt,2,4889,753
164,Hop hop hop chez papy !,,,https://www.villesamiesdesaines-rf.fr/nos-fiches/?loop-02g8g8zdkg=14,https://www.villesamiesdesaines-rf.fr/wp-content/uploads/2025/06/426-426-pe-hop-hop-hop-chez-papy.pdf,Hop_hop_hop_chez_papy.pdf,Hop_hop_hop_chez_papy.txt,2,7094,1145
165,Le ciné seniors,,,https://www.villesamiesdesaines-rf.fr/nos-fiches/?loop-02g8g8zdkg=14,https://www.villesamiesdesaines-rf.fr/wp-content/uploads/2025/06/427-pe-cine-seniors-mise-en-forme-2023.pdf,Le_cine_seniors.pdf,Le_cine_seniors.txt,2,3647,617
166,Mes pantoufles attendront,,,https://www.villesamiesdesaines-rf.fr/nos-fiches/?loop-02g8g8zdkg=14,https://www.villesamiesdesaines-rf.fr/wp-content/uploads/2025/06/475-475-mes-pantoufles-attendront.pdf,Mes_pantoufles_attendront.pdf,Mes_pantoufles_attendront.txt,1,2929,459
167,1 SOURIRE + 1 GÂTEAU = 1 RENCONTRE,,,https://www.villesamiesdesaines-rf.fr/nos-fiches/?loop-02g8g8zdkg=14,https://www.villesamiesdesaines-rf.fr/wp-content/uploads/2025/06/473-473-sourire-gateau-rencontre.pdf,1_SOURIRE_1_GATEAU_1_RENCONTRE.pdf,1_SOURIRE_1_GATEAU_1_RENCONTRE.txt,1,2736,436
168,Les “chantiers jeunes” s’invitent en EHPAD,,,https://www.villesamiesdesaines-rf.fr/nos-fiches/?loop-02g8g8zdkg=15,https://www.villesamiesdesaines-rf.fr/wp-content/uploads/2025/06/468-copie-de-pe-fiche-vierge-2.pdf,Les_chantiers_jeunes_sinvitent_en_EHPAD.pdf,Les_chantiers_jeunes_sinvitent_en_EHPAD.txt,2,4305,693
169,Exposition de visages,,,https://www.villesamiesdesaines-rf.fr/nos-fiches/?loop-02g8g8zdkg=15,https://www.villesamiesdesaines-rf.fr/wp-content/uploads/2025/06/469-pe-exposition-de-visages-mise-en-forme-2023.pdf,Exposition_de_visages.pdf,Exposition_de_visages.txt,2,3498,544
170,Préserver les liens dans les moments de rupture : l’engagement d’Entour’âge Solidaire,,,https://www.villesamiesdesaines-rf.fr/nos-fiches/?loop-02g8g8zdkg=15,https://www.villesamiesdesaines-rf.fr/wp-content/uploads/2025/06/465-465-pe-entourage.pdf,Preserver_les_liens_dans_les_moments_de_rupture_lengagement_dEntourage_Solidaire.pdf,Preserver_les_liens_dans_les_moments_de_rupture_lengagement_dEntourage_Solidaire.txt,2,3931,613
171,Projet de vie à la retraite,,,https://www.villesamiesdesaines-rf.fr/nos-fiches/?loop-02g8g8zdkg=15,https://www.villesamiesdesaines-rf.fr/wp-content/uploads/2025/06/464-pe-projet-de-vie-a-la-retraite.pdf,Projet_de_vie_a_la_retraite.pdf,Projet_de_vie_a_la_retraite.txt,2,3842,636
172,Une recherche-action pour favoriser l’inclusion des aînés LGBT,,,https://www.villesamiesdesaines-rf.fr/nos-fiches/?loop-02g8g8zdkg=15,https://www.villesamiesdesaines-rf.fr/wp-content/uploads/2025/06/463-463-pe-geneve-recherche-lgbt.pdf,Une_recherche-action_pour_favoriser_linclusion_des_aines_LGBT.pdf,Une_recherche-action_pour_favoriser_linclusion_des_aines_LGBT.txt,2,4436,671
173,Bien vieillir à domicile : la réponse conjointe des collectivités et des bailleurs sociaux,,,https://www.villesamiesdesaines-rf.fr/nos-fiches/?loop-02g8g8zdkg=15,https://www.villesamiesdesaines-rf.fr/wp-content/uploads/2025/06/462-pe-bien-vieillir-a-domicile-1.pdf,Bien_vieillir_a_domicile_la_reponse_conjointe_des_collectivites_et_des_bailleurs_sociaux.pdf,Bien_vieillir_a_domicile_la_reponse_conjointe_des_collectivites_et_des_bailleurs_sociaux.txt,2,5086,769
174,"A Dijon, l’instant café",,,https://www.villesamiesdesaines-rf.fr/nos-fiches/?loop-02g8g8zdkg=15,https://www.villesamiesdesaines-rf.fr/wp-content/uploads/2025/06/365-365-l-instant-cafe.pdf,A_Dijon_linstant_cafe.pdf,A_Dijon_linstant_cafe.txt,2,5671,931
175,Service des bénévoles du ccas,,,https://www.villesamiesdesaines-rf.fr/nos-fiches/?loop-02g8g8zdkg=15,https://www.villesamiesdesaines-rf.fr/wp-content/uploads/2025/06/366-pe-service-des-benevoles-du-ccas-1.pdf,Service_des_benevoles_du_ccas.pdf,Service_des_benevoles_du_ccas.txt,2,5458,881
176,Le conseil des seniors de Metz : des ambassadeurs engagés !,,,https://www.villesamiesdesaines-rf.fr/nos-fiches/?loop-02g8g8zdkg=15,https://www.villesamiesdesaines-rf.fr/wp-content/uploads/2025/06/116-116-pe-conseil-des-seniors-metz.pdf,Le_conseil_des_seniors_de_Metz_des_ambassadeurs_engages.pdf,Le_conseil_des_seniors_de_Metz_des_ambassadeurs_engages.txt,2,7344,1224
177,Jardin’âge : un jardin intergénérationnel à caractère thérapeutique,,,https://www.villesamiesdesaines-rf.fr/nos-fiches/?loop-02g8g8zdkg=15,https://www.villesamiesdesaines-rf.fr/wp-content/uploads/2025/06/268-268-bourg-de-peage-espaces-ext.pdf,Jardinage_un_jardin_intergenerationnel_a_caractere_therapeutique.pdf,Jardinage_un_jardin_intergenerationnel_a_caractere_therapeutique.txt,2,6598,1046
178,"Olympiades, rencontre sportive des maisons de retraite",,,https://www.villesamiesdesaines-rf.fr/nos-fiches/?loop-02g8g8zdkg=15,https://www.villesamiesdesaines-rf.fr/wp-content/uploads/2025/06/367-367-pe-olymp.pdf,Olympiades_rencontre_sportive_des_maisons_de_retraite.pdf,Olympiades_rencontre_sportive_des_maisons_de_retraite.txt,2,6358,940
179,"À Limonest, « On connaît la chanson » !",,,https://www.villesamiesdesaines-rf.fr/nos-fiches/?loop-02g8g8zdkg=15,https://www.villesamiesdesaines-rf.fr/wp-content/uploads/2025/06/269-269-limonest-lien-social.pdf,A_Limonest_On_connait_la_chanson.pdf,A_Limonest_On_connait_la_chanson.txt,2,7584,1236
180,« Musclons notre santé »,,,https://www.villesamiesdesaines-rf.fr/nos-fiches/?loop-02g8g8zdkg=16,https://www.villesamiesdesaines-rf.fr/wp-content/uploads/2025/06/368-368-pe-musclons-notre-sante.pdf,Musclons_notre_sante.pdf,Musclons_notre_sante.txt,1,3278,510
181,"EquipAges, un réseau social de proximité",,,https://www.villesamiesdesaines-rf.fr/nos-fiches/?loop-02g8g8zdkg=16,https://www.villesamiesdesaines-rf.fr/wp-content/uploads/2025/06/270-pe-participation-citoyenne-equipages-mise-en-forme-2023.pdf,EquipAges_un_reseau_social_de_proximite.pdf,EquipAges_un_reseau_social_de_proximite.txt,2,5398,851
182,« Bougeons ensemble » à Grenoble,,,https://www.villesamiesdesaines-rf.fr/nos-fiches/?loop-02g8g8zdkg=16,https://www.villesamiesdesaines-rf.fr/wp-content/uploads/2025/06/372-372-bougeons-ensemble.pdf,Bougeons_ensemble_a_Grenoble.pdf,Bougeons_ensemble_a_Grenoble.txt,2,9442,1490
183,Des rides et des rêves : ateliers des arts du cirque au Gérontopôle de Toulouse,,,https://www.villesamiesdesaines-rf.fr/nos-fiches/?loop-02g8g8zdkg=16,https://www.villesamiesdesaines-rf.fr/wp-content/uploads/2025/06/271-271-peokdes-rides-et-des-reves-toulouse.pdf,Des_rides_et_des_reves_ateliers_des_arts_du_cirque_au_Gerontopole_de_Toulouse.pdf,Des_rides_et_des_reves_ateliers_des_arts_du_cirque_au_Gerontopole_de_Toulouse.txt,2,4035,639
184,"Des vacances pour eux, un séjour pour nous, Argol nous voilà !",,,https://www.villesamiesdesaines-rf.fr/nos-fiches/?loop-02g8g8zdkg=16,https://www.villesamiesdesaines-rf.fr/wp-content/uploads/2025/06/272-272-peok-argol-nous-voila.pdf,Des_vacances_pour_eux_un_sejour_pour_nous_Argol_nous_voila.pdf,Des_vacances_pour_eux_un_sejour_pour_nous_Argol_nous_voila.txt,2,6400,1030
185,"A Limonest, une mutuelle communale qui facilite la vie des aînés",,,https://www.villesamiesdesaines-rf.fr/nos-fiches/?loop-02g8g8zdkg=16,https://www.villesamiesdesaines-rf.fr/wp-content/uploads/2025/06/374-374-pe-mutuelle-communale.pdf,A_Limonest_une_mutuelle_communale_qui_facilite_la_vie_des_aines.pdf,A_Limonest_une_mutuelle_communale_qui_facilite_la_vie_des_aines.txt,1,3853,629
186,« Y’a pas d’âge pour marcher »,,,https://www.villesamiesdesaines-rf.fr/nos-fiches/?loop-02g8g8zdkg=16,https://www.villesamiesdesaines-rf.fr/wp-content/uploads/2025/06/273-pe-y-a-pas-d-age-pour-marcher-mise-a-jour-2023.pdf,Ya_pas_dage_pour_marcher.pdf,Ya_pas_dage_pour_marcher.txt,2,5795,885
187,Opération pass’agés,,,https://www.villesamiesdesaines-rf.fr/nos-fiches/?loop-02g8g8zdkg=16,https://www.villesamiesdesaines-rf.fr/wp-content/uploads/2025/06/375-375-pe-operation-passages.pdf,Operation_passages.pdf,Operation_passages.txt,2,8281,1336
188,"Des « cafés-rencontres » pour se rencontrer, échanger et partager",,,https://www.villesamiesdesaines-rf.fr/nos-fiches/?loop-02g8g8zdkg=16,https://www.villesamiesdesaines-rf.fr/wp-content/uploads/2025/06/274-274-strasbourg-lien-social-cafe-rencontre.pdf,Des_cafes-rencontres_pour_se_rencontrer_echanger_et_partager.pdf,Des_cafes-rencontres_pour_se_rencontrer_echanger_et_partager.txt,2,5642,943
189,LES CHAISES CONVIVIALES: DES CHAISES DESIGN QUI CRÉENT DU LIEN SOCIAL ENTRE LES GÉNÉRATIONS,,,https://www.villesamiesdesaines-rf.fr/nos-fiches/?loop-02g8g8zdkg=16,https://www.villesamiesdesaines-rf.fr/wp-content/uploads/2025/06/VERSION-CORRIGEE-AOUT-2025-LES-CHAISES-CONVIVIALES.pdf,LES_CHAISES_CONVIVIALES_DES_CHAISES_DESIGN_QUI_CREENT_DU_LIEN_SOCIAL_ENTRE_LES_GENERATIONS.pdf,LES_CHAISES_CONVIVIALES_DES_CHAISES_DESIGN_QUI_CREENT_DU_LIEN_SOCIAL_ENTRE_LES_GENERATIONS.txt,2,5320,790
190,Les cafés des âges du conseil des sages,,,https://www.villesamiesdesaines-rf.fr/nos-fiches/?loop-02g8g8zdkg=16,https://www.villesamiesdesaines-rf.fr/wp-content/uploads/2025/06/378-pe-les-cafes-des-ages-du-conseil-des-sages-mise-a-jour-2023.pdf,Les_cafes_des_ages_du_conseil_des_sages.pdf,Les_cafes_des_ages_du_conseil_des_sages.txt,2,5152,795
191,Pens(i)ons Quartier,,,https://www.villesamiesdesaines-rf.fr/nos-fiches/?loop-02g8g8zdkg=16,https://www.villesamiesdesaines-rf.fr/wp-content/uploads/2025/06/277-pe-pensions-quartier.pdf,Pensions_Quartier.pdf,Pensions_Quartier.txt,2,5597,848
192,Le réseau voisin’âge,,,https://www.villesamiesdesaines-rf.fr/nos-fiches/?loop-02g8g8zdkg=17,https://www.villesamiesdesaines-rf.fr/wp-content/uploads/2025/06/379-pe-le-reseau-voisin-age-mise-a-jour-2023.pdf,Le_reseau_voisinage.pdf,Le_reseau_voisinage.txt,2,3144,475
193,"À Saint-Étienne, un conseil consultatif seniors",,,https://www.villesamiesdesaines-rf.fr/nos-fiches/?loop-02g8g8zdkg=17,https://www.villesamiesdesaines-rf.fr/wp-content/uploads/2025/06/FICHE-CORRIGEE-CCS-AOUT-2025-2-2.pdf,A_Saint-Etienne_un_conseil_consultatif_seniors.pdf,A_Saint-Etienne_un_conseil_consultatif_seniors.txt,3,7598,1095
194,"Bouger, c’est bon pour la santé !",,,https://www.villesamiesdesaines-rf.fr/nos-fiches/?loop-02g8g8zdkg=17,https://www.villesamiesdesaines-rf.fr/wp-content/uploads/2025/06/VERSION-CORRIGEE-physioparc-AOUT-2025.pdf,Bouger_cest_bon_pour_la_sante.pdf,Bouger_cest_bon_pour_la_sante.txt,3,9059,1306
195,Le jardin des potes âgés,,,https://www.villesamiesdesaines-rf.fr/nos-fiches/?loop-02g8g8zdkg=17,https://www.villesamiesdesaines-rf.fr/wp-content/uploads/2025/06/381-381-jardin-des-potes-ages.pdf,Le_jardin_des_potes_ages.pdf,Le_jardin_des_potes_ages.txt,2,4807,751
196,Portage de livres à domicile,,,https://www.villesamiesdesaines-rf.fr/nos-fiches/?loop-02g8g8zdkg=17,https://www.villesamiesdesaines-rf.fr/wp-content/uploads/2025/06/383-pe-portage-de-livres-a-domicile-mise-a-jour-2023.pdf,Portage_de_livres_a_domicile.pdf,Portage_de_livres_a_domicile.txt,2,2784,436
197,Assemblée des seniors du pays de Mormal,,,https://www.villesamiesdesaines-rf.fr/nos-fiches/?loop-02g8g8zdkg=17,https://www.villesamiesdesaines-rf.fr/wp-content/uploads/2025/06/385-pe-assemblee-des-seniors-du-pays-de-mormal-mise-a-jour-2023.pdf,Assemblee_des_seniors_du_pays_de_Mormal.pdf,Assemblee_des_seniors_du_pays_de_Mormal.txt,2,4801,762
198,Salon habitat loisirs pour les jeunes de plus de 60 ans,,,https://www.villesamiesdesaines-rf.fr/nos-fiches/?loop-02g8g8zdkg=17,https://www.villesamiesdesaines-rf.fr/wp-content/uploads/2025/06/387-387-salon-habitat-loisirs.pdf,Salon_habitat_loisirs_pour_les_jeunes_de_plus_de_60_ans.pdf,Salon_habitat_loisirs_pour_les_jeunes_de_plus_de_60_ans.txt,1,3819,590
199,Seniors au volant : conduire le plus longtemps en toute sécurité,,,https://www.villesamiesdesaines-rf.fr/nos-fiches/?loop-02g8g8zdkg=17,https://www.villesamiesdesaines-rf.fr/wp-content/uploads/2025/06/388-388-pe-s-au-volant.pdf,Seniors_au_volant_conduire_le_plus_longtemps_en_toute_securite.pdf,Seniors_au_volant_conduire_le_plus_longtemps_en_toute_securite.txt,1,3636,588
200,La mobilité au cœur de la semaine bleue,,,https://www.villesamiesdesaines-rf.fr/nos-fiches/?loop-02g8g8zdkg=17,https://www.villesamiesdesaines-rf.fr/wp-content/uploads/2025/06/390-390-pe-mobilite-semaine-bleue.pdf,La_mobilite_au_cur_de_la_semaine_bleue.pdf,La_mobilite_au_cur_de_la_semaine_bleue.txt,1,3980,626
201,Dispositif «sport-santé sur ordonnance»,,,https://www.villesamiesdesaines-rf.fr/nos-fiches/?loop-02g8g8zdkg=17,https://www.villesamiesdesaines-rf.fr/wp-content/uploads/2025/06/391-391-pe-sport-sur-ordonnance-1.pdf,Dispositif_sport-sante_sur_ordonnance.pdf,Dispositif_sport-sante_sur_ordonnance.txt,2,6563,1037
202,De nouvelles assises pour mieux se déplacer et se rencontrer,,,https://www.villesamiesdesaines-rf.fr/nos-fiches/?loop-02g8g8zdkg=17,https://www.villesamiesdesaines-rf.fr/wp-content/uploads/2025/06/392-pe-nouvelles-assises-1.pdf,De_nouvelles_assises_pour_mieux_se_deplacer_et_se_rencontrer.pdf,De_nouvelles_assises_pour_mieux_se_deplacer_et_se_rencontrer.txt,2,4748,751
203,Journées d’échanges d’analyse territoriale par les aînés,,,https://www.villesamiesdesaines-rf.fr/nos-fiches/?loop-02g8g8zdkg=17,https://www.villesamiesdesaines-rf.fr/wp-content/uploads/2025/06/313-313-jet.pdf,Journees_dechanges_danalyse_territoriale_par_les_aines.pdf,Journees_dechanges_danalyse_territoriale_par_les_aines.txt,2,5386,811
204,"A Dijon, une journée de l’audition",,,https://www.villesamiesdesaines-rf.fr/nos-fiches/?loop-02g8g8zdkg=18,https://www.villesamiesdesaines-rf.fr/wp-content/uploads/2025/06/341-341-journee-de-l-audition.pdf,A_Dijon_une_journee_de_laudition.pdf,A_Dijon_une_journee_de_laudition.txt,1,3926,635
205,Les mamies guitares ou le tonnerre électrique,,,https://www.villesamiesdesaines-rf.fr/nos-fiches/?loop-02g8g8zdkg=18,https://www.villesamiesdesaines-rf.fr/wp-content/uploads/2025/06/342-342-mamies-guitares-1.pdf,Les_mamies_guitares_ou_le_tonnerre_electrique.pdf,Les_mamies_guitares_ou_le_tonnerre_electrique.txt,1,3615,594
206,"Réalisation d’un clip vidéo intergénérationnel “arts urbains, cultures urbaines”",,,https://www.villesamiesdesaines-rf.fr/nos-fiches/?loop-02g8g8zdkg=18,https://www.villesamiesdesaines-rf.fr/wp-content/uploads/2025/06/278-pe-clip-interge-1.pdf,Realisation_dun_clip_video_intergenerationnel_arts_urbains_cultures_urbaines.pdf,Realisation_dun_clip_video_intergenerationnel_arts_urbains_cultures_urbaines.txt,2,3208,516
207,Mijotons le lien social : les restos seniors,,,https://www.villesamiesdesaines-rf.fr/nos-fiches/?loop-02g8g8zdkg=18,https://www.villesamiesdesaines-rf.fr/wp-content/uploads/2025/06/343-343-resto-seniors.pdf,Mijotons_le_lien_social_les_restos_seniors.pdf,Mijotons_le_lien_social_les_restos_seniors.txt,2,8264,1313
208,Droits devant elles,,,https://www.villesamiesdesaines-rf.fr/nos-fiches/?loop-02g8g8zdkg=18,https://www.villesamiesdesaines-rf.fr/wp-content/uploads/2025/06/344-pe-droit-devant-elles.pdf,Droits_devant_elles.pdf,Droits_devant_elles.txt,2,3474,574
209,L’observatoire de l’âge,,,https://www.villesamiesdesaines-rf.fr/nos-fiches/?loop-02g8g8zdkg=18,https://www.villesamiesdesaines-rf.fr/wp-content/uploads/2025/06/107-107-observatoire-de-l-agev2-1.pdf,Lobservatoire_de_lage.pdf,Lobservatoire_de_lage.txt,2,8605,1405
210,Les 5 saisons de l’arbre,,,https://www.villesamiesdesaines-rf.fr/nos-fiches/?loop-02g8g8zdkg=18,https://www.villesamiesdesaines-rf.fr/wp-content/uploads/2025/06/354-354-pe-5-saisons-arbre.pdf,Les_5_saisons_de_larbre.pdf,Les_5_saisons_de_larbre.txt,2,5959,938
211,Planète seniors,,,https://www.villesamiesdesaines-rf.fr/nos-fiches/?loop-02g8g8zdkg=18,https://www.villesamiesdesaines-rf.fr/wp-content/uploads/2025/06/353-353-pe-planete-seniors.pdf,Planete_seniors.pdf,Planete_seniors.txt,2,6872,1092
212,A petits pas dans mon quartier,,,https://www.villesamiesdesaines-rf.fr/nos-fiches/?loop-02g8g8zdkg=18,https://www.villesamiesdesaines-rf.fr/wp-content/uploads/2025/06/352-pe-a-petits-pas-dans-mon-quartier-mise-en-forme-2023.pdf,A_petits_pas_dans_mon_quartier.pdf,A_petits_pas_dans_mon_quartier.txt,2,5559,877
213,Metz en joëlettes,,,https://www.villesamiesdesaines-rf.fr/nos-fiches/?loop-02g8g8zdkg=18,https://www.villesamiesdesaines-rf.fr/wp-content/uploads/2025/06/349-349-pe-metz-joellettes.pdf,Metz_en_joelettes.pdf,Metz_en_joelettes.txt,2,6259,1046
214,La maison Dahlia,,,https://www.villesamiesdesaines-rf.fr/nos-fiches/?loop-02g8g8zdkg=18,https://www.villesamiesdesaines-rf.fr/wp-content/uploads/2025/06/348-348-pe-maison-dahlia-1.pdf,La_maison_Dahlia.pdf,La_maison_Dahlia.txt,4,12505,1937
215,Service d’auto-stop organisé : diviapouce,,,https://www.villesamiesdesaines-rf.fr/nos-fiches/?loop-02g8g8zdkg=18,https://www.villesamiesdesaines-rf.fr/wp-content/uploads/2025/06/347-347-pe-diviapouce.pdf,Service_dauto-stop_organise_diviapouce.pdf,Service_dauto-stop_organise_diviapouce.txt,2,8755,1334
216,Ateliers mobilité : avoir ensemble les bons réflexes pour voyager,,,https://www.villesamiesdesaines-rf.fr/nos-fiches/?loop-02g8g8zdkg=19,https://www.villesamiesdesaines-rf.fr/wp-content/uploads/2025/06/356-pe-ateliers-mobilite-les-bons-reflexes-pour-voyager.pdf,Ateliers_mobilite_avoir_ensemble_les_bons_reflexes_pour_voyager.pdf,Ateliers_mobilite_avoir_ensemble_les_bons_reflexes_pour_voyager.txt,2,6574,1007
217,Animations intergénérationnelles,,,https://www.villesamiesdesaines-rf.fr/nos-fiches/?loop-02g8g8zdkg=19,https://www.villesamiesdesaines-rf.fr/wp-content/uploads/2025/06/357-pe-animations-intergenerationnelles-mise-en-forme-2023.pdf,Animations_intergenerationnelles.pdf,Animations_intergenerationnelles.txt,2,2584,377
218,30 ans de l’ehpad « la résidence de l’ille »,,,https://www.villesamiesdesaines-rf.fr/nos-fiches/?loop-02g8g8zdkg=19,https://www.villesamiesdesaines-rf.fr/wp-content/uploads/2025/06/358-358-pe-30ans-ehpad.pdf,30_ans_de_lehpad_la_residence_de_lille.pdf,30_ans_de_lehpad_la_residence_de_lille.txt,2,5938,965
219,Socialdream,,,https://www.villesamiesdesaines-rf.fr/nos-fiches/?loop-02g8g8zdkg=19,https://www.villesamiesdesaines-rf.fr/wp-content/uploads/2025/06/359-359-pe-socdream.pdf,Socialdream.pdf,Socialdream.txt,2,6923,1092
220,Parcours sportif dédié aux seniors (physioparc) de la ville de Chamalières,,,https://www.villesamiesdesaines-rf.fr/nos-fiches/?loop-02g8g8zdkg=19,https://www.villesamiesdesaines-rf.fr/wp-content/uploads/2025/06/361-361-pe-physioparc.pdf,Parcours_sportif_dedie_aux_seniors_physioparc_de_la_ville_de_Chamalieres.pdf,Parcours_sportif_dedie_aux_seniors_physioparc_de_la_ville_de_Chamalieres.txt,1,3717,596
221,Jardin partagé,,,https://www.villesamiesdesaines-rf.fr/nos-fiches/?loop-02g8g8zdkg=19,https://www.villesamiesdesaines-rf.fr/wp-content/uploads/2025/06/362-pe-jardin-partage-bruxelles.pdf,Jardin_partage.pdf,Jardin_partage.txt,2,5231,829
222,Se déplacer à tout âge !,,,https://www.villesamiesdesaines-rf.fr/nos-fiches/?loop-02g8g8zdkg=19,https://www.villesamiesdesaines-rf.fr/wp-content/uploads/2025/06/363-363-pe-se-deplacer-a-totu-age.pdf,Se_deplacer_a_tout_age.pdf,Se_deplacer_a_tout_age.txt,2,6419,1026
223,"A Grenoble, citoyens et habitants à tout âge",,,https://www.villesamiesdesaines-rf.fr/nos-fiches/?loop-02g8g8zdkg=19,https://www.villesamiesdesaines-rf.fr/wp-content/uploads/2025/06/310-310-fiche-partage-d-experience-grenoble-1.pdf,A_Grenoble_citoyens_et_habitants_a_tout_age.pdf,A_Grenoble_citoyens_et_habitants_a_tout_age.txt,2,8273,1337
224,Mission bénévolat senior,,,https://www.villesamiesdesaines-rf.fr/nos-fiches/?loop-02g8g8zdkg=19,https://www.villesamiesdesaines-rf.fr/wp-content/uploads/2025/06/312-312-fiche-partage-d-experience-le-havre-1.pdf,Mission_benevolat_senior.pdf,Mission_benevolat_senior.txt,2,7804,1192
225,Activités de loisirs et de prévention de l’autonomie,,,https://www.villesamiesdesaines-rf.fr/nos-fiches/?loop-02g8g8zdkg=19,https://www.villesamiesdesaines-rf.fr/wp-content/uploads/2025/06/314-pe-activites-de-prevention-de-l-autonomie.pdf,Activites_de_loisirs_et_de_prevention_de_lautonomie.pdf,Activites_de_loisirs_et_de_prevention_de_lautonomie.txt,2,3515,554
226,Atelier cuisine avec un grand chef,,,https://www.villesamiesdesaines-rf.fr/nos-fiches/?loop-02g8g8zdkg=19,https://www.villesamiesdesaines-rf.fr/wp-content/uploads/2025/06/318-pe-cours-cuisine-mise-en-forme-2023.pdf,Atelier_cuisine_avec_un_grand_chef.pdf,Atelier_cuisine_avec_un_grand_chef.txt,2,3935,645
227,Des rencontres pour informer les jeunes retraités,,,https://www.villesamiesdesaines-rf.fr/nos-fiches/?loop-02g8g8zdkg=19,https://www.villesamiesdesaines-rf.fr/wp-content/uploads/2025/06/319-pe-infos-nouveaux-retraites.pdf,Des_rencontres_pour_informer_les_jeunes_retraites.pdf,Des_rencontres_pour_informer_les_jeunes_retraites.txt,2,3632,564
228,Viens je t’emmène... prendre soin de toi,,,https://www.villesamiesdesaines-rf.fr/nos-fiches/?loop-02g8g8zdkg=20,https://www.villesamiesdesaines-rf.fr/wp-content/uploads/2025/06/320-pe-prendre-soin-de-toi.pdf,Viens_je_temmene_prendre_soin_de_toi.pdf,Viens_je_temmene_prendre_soin_de_toi.txt,2,2847,451
229,Les Silver Awards: un concours étudiant intergénérationnel,,,https://www.villesamiesdesaines-rf.fr/nos-fiches/?loop-02g8g8zdkg=20,https://www.villesamiesdesaines-rf.fr/wp-content/uploads/2025/06/321-321-silver-awards.pdf,Les_Silver_Awards_un_concours_etudiant_intergenerationnel.pdf,Les_Silver_Awards_un_concours_etudiant_intergenerationnel.txt,2,4324,666
230,Un bar à eau pour les aînés de la commune,,,https://www.villesamiesdesaines-rf.fr/nos-fiches/?loop-02g8g8zdkg=20,https://www.villesamiesdesaines-rf.fr/wp-content/uploads/2025/06/323-pe-bar-a-eau-mise-en-forme-2023.pdf,Un_bar_a_eau_pour_les_aines_de_la_commune.pdf,Un_bar_a_eau_pour_les_aines_de_la_commune.txt,2,4753,766
231,L’aménagement extérieur d’un quartier par la pose de bancs : une démarche participative,,,https://www.villesamiesdesaines-rf.fr/nos-fiches/?loop-02g8g8zdkg=20,https://www.villesamiesdesaines-rf.fr/wp-content/uploads/2025/06/325-325-amenagement-quartier-valmy.pdf,Lamenagement_exterieur_dun_quartier_par_la_pose_de_bancs_une_demarche_participative.pdf,Lamenagement_exterieur_dun_quartier_par_la_pose_de_bancs_une_demarche_participative.txt,1,3066,486
232,Atelier journal “entre nous” pour et par les bénéficiaires du pôle accueil aidants aidés,,,https://www.villesamiesdesaines-rf.fr/nos-fiches/?loop-02g8g8zdkg=20,https://www.villesamiesdesaines-rf.fr/wp-content/uploads/2025/06/326-pe-atelier-journal-entre-nous.pdf,Atelier_journal_entre_nous_pour_et_par_les_beneficiaires_du_pole_accueil_aidants_aides.pdf,Atelier_journal_entre_nous_pour_et_par_les_beneficiaires_du_pole_accueil_aidants_aides.txt,2,4358,683
233,Une association engagée contre la perte d’audition,,,https://www.villesamiesdesaines-rf.fr/nos-fiches/?loop-02g8g8zdkg=20,https://www.villesamiesdesaines-rf.fr/wp-content/uploads/2025/06/327-pe-asso-contre-la-perte-d-audition.pdf,Une_association_engagee_contre_la_perte_daudition.pdf,Une_association_engagee_contre_la_perte_daudition.txt,1,3176,492
234,"La maison des seniors, un espace dédié au cœur de la ville",,,https://www.villesamiesdesaines-rf.fr/nos-fiches/?loop-02g8g8zdkg=20,https://www.villesamiesdesaines-rf.fr/wp-content/uploads/2025/06/328-328-maison-des-seniors-dijon-v2.pdf,La_maison_des_seniors_un_espace_dedie_au_cur_de_la_ville.pdf,La_maison_des_seniors_un_espace_dedie_au_cur_de_la_ville.txt,2,8331,1341
235,Amélioration et accessibilité des lieux publics au profit des seniors,,,https://www.villesamiesdesaines-rf.fr/nos-fiches/?loop-02g8g8zdkg=20,https://www.villesamiesdesaines-rf.fr/wp-content/uploads/2025/06/329-329-fiche-pe-bancs.pdf,Amelioration_et_accessibilite_des_lieux_publics_au_profit_des_seniors.pdf,Amelioration_et_accessibilite_des_lieux_publics_au_profit_des_seniors.txt,1,3048,480
236,Un projet intergénérationnel autour de l’opéra little nemo,,,https://www.villesamiesdesaines-rf.fr/nos-fiches/?loop-02g8g8zdkg=20,https://www.villesamiesdesaines-rf.fr/wp-content/uploads/2025/06/332-332-opera-little-nemo.pdf,Un_projet_intergenerationnel_autour_de_lopera_little_nemo.pdf,Un_projet_intergenerationnel_autour_de_lopera_little_nemo.txt,2,4167,681
237,Les rencontres de la forme,,,https://www.villesamiesdesaines-rf.fr/nos-fiches/?loop-02g8g8zdkg=20,https://www.villesamiesdesaines-rf.fr/wp-content/uploads/2025/06/333-pe-les-rencontres-de-la-forme-mise-en-forme-2023.pdf,Les_rencontres_de_la_forme.pdf,Les_rencontres_de_la_forme.txt,2,3572,566
238,Seniors en contact,,,https://www.villesamiesdesaines-rf.fr/nos-fiches/?loop-02g8g8zdkg=20,https://www.villesamiesdesaines-rf.fr/wp-content/uploads/2025/06/334-334-seniors-en-contact-v2.pdf,Seniors_en_contact.pdf,Seniors_en_contact.txt,2,7039,1123
239,"A Dijon, un calendrier des manifestations",,,https://www.villesamiesdesaines-rf.fr/nos-fiches/?loop-02g8g8zdkg=20,https://www.villesamiesdesaines-rf.fr/wp-content/uploads/2025/06/335-335-calendrier-manif-dijon.pdf,A_Dijon_un_calendrier_des_manifestations.pdf,A_Dijon_un_calendrier_des_manifestations.txt,2,4327,666
