id,title,pages,txt_file,char_count,word_count
1,CARTE INTERACTIVE « TROUVER MON ACTIVITÉ »,9,01_CARTE_INTERACTIVE_TROUVER_MON_ACTIVITE.txt,1448,209
2,Partenariat VIV A LAB,10,02_Partenariat_VIV_A_LAB.txt,2662,399
3,CARSAT HAUTS-DE-FRANCE,11-12,03_CARSAT_HAUTS-DE-FRANCE.txt,5019,809
4,L ’INTERGÉNÉRATIONNEL – BERCEAU DU LIEN SOCIAL,13-14-15-16-17,04_L_INTERGENERATIONNEL_BERCEAU_DU_LIEN_SOCIAL.txt,7342,1128
5,BIEN CHEZ SOI – DES ÉQUIPEMENTS POUR SIMPLIFIER SON QUOTIDIEN,18,05_BIEN_CHEZ_SOI_DES_EQUIPEMENTS_POUR_SIMPLIFIER_SON_QUOTIDIEN.txt,1436,193
6,CARSAT RHÔNE-ALPES,19-20-21,06_CARSAT_RHONE-ALPES.txt,6688,996
7,ADAPTATION DES LOGEMENTS DU PARC SOCIAL D’HABITAT DE L ’ILL,22,07_ADAPTATION_DES_LOGEMENTS_DU_PARC_SOCIAL_DHABITAT_DE_L_ILL.txt,1992,317
8,PARTENARIAL DES DOSSIERS « LIEUX DE VIE COLLECTIFS » (LVC),23,08_PARTENARIAL_DES_DOSSIERS_LIEUX_DE_VIE_COLLECTIFS_LVC.txt,1802,272
9,CARSAT HAUTS-DE-FRANCE,24-25,09_CARSAT_HAUTS-DE-FRANCE.txt,4075,604
10,Habitat SILVER HABITAT,26-27-28,10_Habitat_SILVER_HABITAT.txt,2875,438
11,LE PROGRAMME ACTIV’ ET VOUS,29,11_LE_PROGRAMME_ACTIV_ET_VOUS.txt,2509,400
12,INFORMATIONS ET CONSEILS EN PRÉVENTION,30-31-32,12_INFORMATIONS_ET_CONSEILS_EN_PREVENTION.txt,6961,1080
13,LE SITE INTERNET ICOPE,33,13_LE_SITE_INTERNET_ICOPE.txt,2126,329
14,CARSAT SUD-EST,34-35,14_CARSAT_SUD-EST.txt,3496,526
15,GYM ENFORM' ET FITNESS,36,15_GYM_ENFORM_ET_FITNESS.txt,1725,283
16,EXPÉRIMENTATION AUPRÈS D’UN PUBLIC DE FUTUR RETRAITÉ,37,16_EXPERIMENTATION_AUPRES_DUN_PUBLIC_DE_FUTUR_RETRAITE.txt,3199,500
17,PARTENARIAT CENTRES DE MÉDECINE PRÉVENTIVE,38,17_PARTENARIAT_CENTRES_DE_MEDECINE_PREVENTIVE.txt,2710,433
18,ATELIER « HABITAT : LES CLEFS DE MA SANTÉ »,39,18_ATELIER_HABITAT_LES_CLEFS_DE_MA_SANTE.txt,1541,245
19,ATELIER MNÉMOTRICITÉ,40,19_ATELIER_MNEMOTRICITE.txt,3042,454
20,DE CO-FINANCEMENT A VEC LA CFPPA DE MEURTHE-ET-MOSELLE,41,20_DE_CO-FINANCEMENT_A_VEC_LA_CFPPA_DE_MEURTHE-ET-MOSELLE.txt,2889,448
21,ESCAPE GAME SOMMEIL,42,21_ESCAPE_GAME_SOMMEIL.txt,2740,448
22,GRAN MOUN DJOK – LE RAID DES SENIORS,43,22_GRAN_MOUN_DJOK_LE_RAID_DES_SENIORS.txt,2525,393
23,CARSAT PAYS DE LA LOIRE JE CONTINUE À JARDINER,44,23_CARSAT_PAYS_DE_LA_LOIRE_JE_CONTINUE_A_JARDINER.txt,1877,299
24,CARSAT ALSACE-MOSELLE MAMIES GÂTEAUX,45,24_CARSAT_ALSACE-MOSELLE_MAMIES_GATEAUX.txt,3896,564
25,MIEUX VIVRE AU QUOTIDIEN A VEC LES MÉDICAMENTS,46,25_MIEUX_VIVRE_AU_QUOTIDIEN_A_VEC_LES_MEDICAMENTS.txt,3072,492
26,« DU REPÉRAGE DU RISQUE DE CHUTE À UN ATELIER ÉQUILIBRE »,47,26_DU_REPERAGE_DU_RISQUE_DE_CHUTE_A_UN_ATELIER_EQUILIBRE.txt,3194,534
27,CARSAT BOURGOGNE-FRANCHE-COMTÉ,48-49,27_CARSAT_BOURGOGNE-FRANCHE-COMTE.txt,4040,644
28,PARCOURS « PRÉVENTION DES CHUTES »,50,28_PARCOURS_PREVENTION_DES_CHUTES.txt,2848,465
29,CARSAT CENTRE-VAL DE LOIRE,51-52,29_CARSAT_CENTRE-VAL_DE_LOIRE.txt,4205,674
30,Aller vers DIGITAL SENIORS 28,53,30_Aller_vers_DIGITAL_SENIORS_28.txt,3089,499
31,SENIORS A VEC LE BAILLEUR SOCIAL HÉRAULT LOGEMENT,54-55-56,31_SENIORS_A_VEC_LE_BAILLEUR_SOCIAL_HERAULT_LOGEMENT.txt,3742,580
32,Accompagner les plus fragiles et précaires dans leur bien vieillir à domicile,57-58-59-60-61-62-63-64-65-66,32_Accompagner_les_plus_fragiles_et_precaires_dans_leur_bien_vieillir_a_domicile.txt,22234,3671
33,Aide aux aidants TUTO'NOMIE,67,33_Aide_aux_aidants_TUTONOMIE.txt,2899,463
34,ATELIER « BIENVENUE À LA RETRAITE » ADAPTÉ AU PUBLIC DES SALARIÉS ESAT,68,34_ATELIER_BIENVENUE_A_LA_RETRAITE_ADAPTE_AU_PUBLIC_DES_SALARIES_ESAT.txt,1461,233
35,Aller vers ALLER VERS,69,35_Aller_vers_ALLER_VERS.txt,3069,478
36,UN PARCOURS DE PRÉVENTION ADAPTÉ AU PUBLIC ISOLÉ FRAGILE,70,36_UN_PARCOURS_DE_PREVENTION_ADAPTE_AU_PUBLIC_ISOLE_FRAGILE.txt,2239,359
37,SEMAINE NATIONALE DE LUTTE CONTRE LA DÉNUTRITION DES SENIORS,71,37_SEMAINE_NATIONALE_DE_LUTTE_CONTRE_LA_DENUTRITION_DES_SENIORS.txt,3125,492
38,EN ACCOMPAGNANT NOS PARTENAIRES DE L ’ ACTION SOCIALE,72-73-74,38_EN_ACCOMPAGNANT_NOS_PARTENAIRES_DE_L_ACTION_SOCIALE.txt,2923,445
39,CINÉ-DÉBAT « A V ANT J’ÉTAIS VIEUX… »,75-76-77,39_CINE-DEBAT_A_V_ANT_JETAIS_VIEUX.txt,4775,753
40,SPECTACLE « VIVRE SA RETRAITE A VEC HUMOUR »,78,40_SPECTACLE_VIVRE_SA_RETRAITE_A_VEC_HUMOUR.txt,2325,368
41,SPECTACLE « PLUS JAMAIS SEULE »,79,41_SPECTACLE_PLUS_JAMAIS_SEULE.txt,3417,510
42,Zoom sur les spectacles CARSAT AQUITAINE,80-81-82-83-84,42_Zoom_sur_les_spectacles_CARSAT_AQUITAINE.txt,5055,752
