status;title;url;path;word_count;score_raw;score_normalized;threshold
rejected;Animation de la transformation de l’offre handicap;https://www.cnsa.fr/appels-projets/animation-de-la-transformation-de-loffre-handicap;C:\Users\PC\Desktop\Project_Internship\Index_Insight\temp\cnsa_rejected\animation_de_la_transformation_de_l_offre_handicap.txt;377;0;0.00000000;0.01477573
rejected;Constitution de parcs d’aides techniques pour la communication alternative et améliorée;https://www.cnsa.fr/appels-projets/constitution-de-parcs-daides-techniques-pour-la-communication-alternative-et;C:\Users\PC\Desktop\Project_Internship\Index_Insight\temp\cnsa_rejected\constitution_de_parcs_d_aides_techniques_pour_la_communication_alternative_et_amelioree.txt;967;1;0.00103413;0.01477573
rejected;ESMS numérique - Appel à projets national 2022;https://www.cnsa.fr/appels-projets/esms-numerique-appel-projets-national-2022;C:\Users\PC\Desktop\Project_Internship\Index_Insight\temp\cnsa_rejected\esms_numerique_appel_a_projets_national_2022.txt;212;0;0.00000000;0.01477573
rejected;ESMS numérique - Appel à projets national 2023;https://www.cnsa.fr/appels-projets/esms-numerique-appel-projets-national-2023;C:\Users\PC\Desktop\Project_Internship\Index_Insight\temp\cnsa_rejected\esms_numerique_appel_a_projets_national_2023.txt;212;0;0.00000000;0.01477573
rejected;Expérimenter et évaluer des dispositifs innovants de participation des personnes et des proches aidants dans la gouvernance des services à domicile;https://www.cnsa.fr/appels-projets/experimenter-et-evaluer-des-dispositifs-innovants-de-participation-des-personnes-et;C:\Users\PC\Desktop\Project_Internship\Index_Insight\temp\cnsa_rejected\experimenter_et_evaluer_des_dispositifs_innovants_de_participation_des_personnes_et_des_proches_aidants_dans_la_gouverna.txt;537;3;0.00558659;0.01477573
rejected;Expérimenter pour accompagner l’évolution de l’offre médico-sociale et l’adaptation des réponses aux besoins des personnes - édition 2023;https://www.cnsa.fr/appels-projets/experimenter-pour-accompagner-levolution-de-loffre-medico-sociale-et-ladaptation-0;C:\Users\PC\Desktop\Project_Internship\Index_Insight\temp\cnsa_rejected\experimenter_pour_accompagner_l_evolution_de_l_offre_medico_sociale_et_l_adaptation_des_reponses_aux_besoins_des_personn.txt;500;3;0.00600000;0.01477573
rejected;Expérimenter pour accompagner l’évolution de l’offre médico-sociale et l’adaptation des réponses aux besoins des personnes - édition 2022;https://www.cnsa.fr/appels-projets/experimenter-pour-accompagner-levolution-de-loffre-medico-sociale-et-ladaptation-1;C:\Users\PC\Desktop\Project_Internship\Index_Insight\temp\cnsa_rejected\experimenter_pour_accompagner_l_evolution_de_l_offre_medico_sociale_et_l_adaptation_des_reponses_aux_besoins_des_personn_2.txt;581;4;0.00688468;0.01477573
rejected;Expérimenter pour accompagner l’évolution de l’offre médico-sociale et l’adaptation des réponses aux besoins des personnes - édition 2025;https://www.cnsa.fr/appels-projets/experimenter-pour-accompagner-levolution-de-loffre-medico-sociale-et-ladaptation-2;C:\Users\PC\Desktop\Project_Internship\Index_Insight\temp\cnsa_rejected\experimenter_pour_accompagner_l_evolution_de_l_offre_medico_sociale_et_l_adaptation_des_reponses_aux_besoins_des_personn_3.txt;832;0;0.00000000;0.01477573
rejected;Expérimenter pour accompagner l’évolution de l’offre médico-sociale et l’adaptation des réponses aux besoins des personnes - édition 2024;https://www.cnsa.fr/appels-projets/experimenter-pour-accompagner-levolution-de-loffre-medico-sociale-et-ladaptation-des;C:\Users\PC\Desktop\Project_Internship\Index_Insight\temp\cnsa_rejected\experimenter_pour_accompagner_l_evolution_de_l_offre_medico_sociale_et_l_adaptation_des_reponses_aux_besoins_des_personn_4.txt;854;0;0.00000000;0.01477573
accepted;La participation des personnes vivant en établissement : relever le défi de l’effectivité;https://www.cnsa.fr/appels-projets/la-participation-des-personnes-vivant-en-etablissement-relever-le-defi-de;C:\Users\PC\Desktop\Project_Internship\Index_Insight\Database\cnsa_database\la_participation_des_personnes_vivant_en_etablissement_relever_le_defi_de_l_effectivite.txt;594;14;0.02356902;0.01477573
accepted;Plan d'aide à l'investissement en faveur des résidences autonomie - Appel à projets national 2022;https://www.cnsa.fr/appels-projets/plan-daide-linvestissement-en-faveur-des-residences-autonomie-appel-projets-0;C:\Users\PC\Desktop\Project_Internship\Index_Insight\Database\cnsa_database\plan_d_aide_a_l_investissement_en_faveur_des_residences_autonomie_appel_a_projets_national_2022.txt;319;14;0.04388715;0.01477573
accepted;Plan d'aide à l'investissement en faveur des résidences autonomie - Appel à projets national 2023;https://www.cnsa.fr/appels-projets/plan-daide-linvestissement-en-faveur-des-residences-autonomie-appel-projets-1;C:\Users\PC\Desktop\Project_Internship\Index_Insight\Database\cnsa_database\plan_d_aide_a_l_investissement_en_faveur_des_residences_autonomie_appel_a_projets_national_2023.txt;216;9;0.04166667;0.01477573
accepted;Programme Autonomie 2022;https://www.cnsa.fr/appels-projets/programme-autonomie-2022;C:\Users\PC\Desktop\Project_Internship\Index_Insight\Database\cnsa_database\programme_autonomie_2022.txt;1149;29;0.02523934;0.01477573
accepted;Programme Autonomie 2023;https://www.cnsa.fr/appels-projets/programme-autonomie-2023;C:\Users\PC\Desktop\Project_Internship\Index_Insight\Database\cnsa_database\programme_autonomie_2023.txt;1829;37;0.02022963;0.01477573
accepted;Programme Autonomie 2024;https://www.cnsa.fr/appels-projets/programme-autonomie-2024;C:\Users\PC\Desktop\Project_Internship\Index_Insight\Database\cnsa_database\programme_autonomie_2024.txt;1733;30;0.01731102;0.01477573
accepted;Programme prioritaire de recherche sur l’autonomie (PPR Autonomie);https://www.cnsa.fr/appels-projets/programme-prioritaire-de-recherche-sur-lautonomie-ppr-autonomie;C:\Users\PC\Desktop\Project_Internship\Index_Insight\Database\cnsa_database\programme_prioritaire_de_recherche_sur_l_autonomie_ppr_autonomie.txt;1529;68;0.04447351;0.01477573
accepted;Séjours de vacances pour les personnes âgées, les personnes handicapées et leurs aidants;https://www.cnsa.fr/appels-projets/sejours-de-vacances-pour-les-personnes-agees-les-personnes-handicapees-et-leurs;C:\Users\PC\Desktop\Project_Internship\Index_Insight\Database\cnsa_database\sejours_de_vacances_pour_les_personnes_agees_les_personnes_handicapees_et_leurs_aidants.txt;389;12;0.03084833;0.01477573
rejected;Soutien aux jeunes aidants;https://www.cnsa.fr/appels-projets/soutien-aux-jeunes-aidants;C:\Users\PC\Desktop\Project_Internship\Index_Insight\temp\cnsa_rejected\soutien_aux_jeunes_aidants.txt;415;2;0.00481928;0.01477573
accepted;Un tiers-lieu dans mon EHPAD;https://www.cnsa.fr/appels-projets/un-tiers-lieu-dans-mon-ehpad;C:\Users\PC\Desktop\Project_Internship\Index_Insight\Database\cnsa_database\un_tiers_lieu_dans_mon_ehpad.txt;3206;71;0.02214598;0.01477573
rejected;Usages des technologies numériques;https://www.cnsa.fr/appels-projets/usages-des-technologies-numeriques;C:\Users\PC\Desktop\Project_Internship\Index_Insight\temp\cnsa_rejected\usages_des_technologies_numeriques.txt;1062;12;0.01129944;0.01477573
rejected;Aide aux aidants;https://www.cnsa.fr/appels-projets/aide-aux-aidants;C:\Users\PC\Desktop\Project_Internship\Index_Insight\temp\cnsa_rejected\aide_aux_aidants.txt;483;0;0.00000000;0.01477573
rejected;Améliorer l’accès des personnes en situation de handicap ou de perte d’autonomie aux loisirs;https://www.cnsa.fr/appels-projets/ameliorer-lacces-des-personnes-en-situation-de-handicap-ou-de-perte-dautonomie-aux;C:\Users\PC\Desktop\Project_Internship\Index_Insight\temp\cnsa_rejected\ameliorer_l_acces_des_personnes_en_situation_de_handicap_ou_de_perte_d_autonomie_aux_loisirs.txt;1059;9;0.00849858;0.01477573
accepted;Cap sur les métiers de l'autonomie;https://www.cnsa.fr/appels-projets/cap-sur-les-metiers-de-lautonomie;C:\Users\PC\Desktop\Project_Internship\Index_Insight\Database\cnsa_database\cap_sur_les_metiers_de_l_autonomie.txt;679;19;0.02798233;0.01477573
accepted;Économie circulaire des aides techniques;https://www.cnsa.fr/appels-projets/economie-circulaire-des-aides-techniques;C:\Users\PC\Desktop\Project_Internship\Index_Insight\Database\cnsa_database\economie_circulaire_des_aides_techniques.txt;710;22;0.03098592;0.01477573
rejected;Expérimentation nationale d’équipes locales d’accompagnement sur les aides techniques;https://www.cnsa.fr/appels-projets/experimentation-nationale-dequipes-locales-daccompagnement-sur-les-aides-techniques;C:\Users\PC\Desktop\Project_Internship\Index_Insight\temp\cnsa_rejected\experimentation_nationale_d_equipes_locales_d_accompagnement_sur_les_aides_techniques.txt;791;4;0.00505689;0.01477573
accepted;Handicap et perte d’autonomie : innovation sociale par le design;https://www.cnsa.fr/appels-projets/handicap-et-perte-dautonomie-innovation-sociale-par-le-design;C:\Users\PC\Desktop\Project_Internship\Index_Insight\Database\cnsa_database\handicap_et_perte_d_autonomie_innovation_sociale_par_le_design.txt;809;26;0.03213844;0.01477573
accepted;Programme Autonomie 2021;https://www.cnsa.fr/appels-projets/programme-autonomie-2021;C:\Users\PC\Desktop\Project_Internship\Index_Insight\Database\cnsa_database\programme_autonomie_2021.txt;1119;30;0.02680965;0.01477573
accepted;Tirer les enseignements de la crise de la Covid-19;https://www.cnsa.fr/appels-projets/tirer-les-enseignements-de-la-crise-de-la-covid-19;C:\Users\PC\Desktop\Project_Internship\Index_Insight\Database\cnsa_database\tirer_les_enseignements_de_la_crise_de_la_covid_19.txt;1001;31;0.03096903;0.01477573
